,Random_ID,ResponseId,device_use,Q20,Q1,Q1_6_TEXT,Q2,Q2_4_TEXT,Q3,Q3_5_TEXT,Q4,Q4_2_TEXT,Q5,Q5_5_TEXT,Q6,Q7,Q7_4_TEXT,Q8,Q8_4_TEXT,Q9,Q9_5_TEXT,Q10,Q10_5_TEXT,Q11,Q11_4_TEXT,Q12,Q12_4_TEXT,Q13,Q13_3_TEXT,1_Q1,1_Q1_6_TEXT,1_Q2,1_Q2_4_TEXT,1_Q3,1_Q3_5_TEXT,1_Q4,1_Q4_2_TEXT,1_Q5,1_Q5_35_TEXT,1_Q6,1_Q7,1_Q8,1_Q8_4_TEXT,1_Q9,1_Q9_5_TEXT,1_Q10,1_Q10_5_TEXT,1_Q11,1_Q11_4_TEXT,1_Q12,1_Q12_4_TEXT,1_Q13,1_Q13_3_TEXT,2_Q1,2_Q1_6_TEXT,2_Q2,2_Q2_4_TEXT,2_Q3,2_Q3_5_TEXT,2_Q4,2_Q4_2_TEXT,2_Q5,2_Q5_35_TEXT,2_Q6,2_Q7,2_Q8,2_Q8_4_TEXT,2_Q9,2_Q9_5_TEXT,2_Q10,2_Q10_5_TEXT,2_Q11,2_Q11_4_TEXT,2_Q12,2_Q12_4_TEXT,2_Q13,2_Q13_3_TEXT,3_Q1,3_Q1_6_TEXT,3_Q2,3_Q2_4_TEXT,3_Q3,3_Q3_5_TEXT,3_Q4,3_Q4_2_TEXT,3_Q5,3_Q5_35_TEXT,3_Q6,3_Q7,3_Q8,3_Q8_4_TEXT,3_Q9,3_Q9_5_TEXT,3_Q10,3_Q10_5_TEXT,3_Q11,3_Q11_4_TEXT,3_Q12,3_Q12_4_TEXT,3_Q13,3_Q13_3_TEXT,4_Q1,4_Q1_6_TEXT,4_Q2,4_Q2_4_TEXT,4_Q3,4_Q3_5_TEXT,4_Q4,4_Q4_2_TEXT,4_Q5,4_Q5_35_TEXT,4_Q6,4_Q7,4_Q8,4_Q8_4_TEXT,4_Q9,4_Q9_5_TEXT,4_Q10,4_Q10_5_TEXT,4_Q11,4_Q11_4_TEXT,4_Q12,4_Q12_4_TEXT,4_Q13,4_Q13_3_TEXT,5_Q1,5_Q1_6_TEXT,5_Q2,5_Q2_4_TEXT,5_Q3,5_Q3_5_TEXT,5_Q4,5_Q4_2_TEXT,5_Q5,5_Q5_35_TEXT,5_Q6,5_Q7,5_Q8,5_Q8_4_TEXT,5_Q9,5_Q9_5_TEXT,5_Q10,5_Q10_5_TEXT,5_Q11,5_Q11_4_TEXT,5_Q12,5_Q12_4_TEXT,5_Q13,5_Q13_3_TEXT,6_Q1,6_Q1_6_TEXT,6_Q2,6_Q2_4_TEXT,6_Q3,6_Q3_5_TEXT,6_Q4,6_Q4_2_TEXT,6_Q5,6_Q5_35_TEXT,6_Q6,6_Q7,6_Q8,6_Q8_4_TEXT,6_Q9,6_Q9_5_TEXT,6_Q10,6_Q10_5_TEXT,6_Q11,6_Q11_4_TEXT,6_Q12,6_Q12_4_TEXT,6_Q13,6_Q13_3_TEXT,Q183,Q184,Q184_4_TEXT,1_Q186,1_Q186_4_TEXT,2_Q186,2_Q186_4_TEXT,3_Q186,3_Q186_4_TEXT,4_Q186,4_Q186_4_TEXT,5_Q186,5_Q186_4_TEXT,6_Q186,6_Q186_4_TEXT,1_Q185,1_Q185_5_TEXT,2_Q185,2_Q185_5_TEXT,3_Q185,3_Q185_5_TEXT,4_Q185,4_Q185_5_TEXT,5_Q185,5_Q185_5_TEXT,6_Q185,6_Q185_5_TEXT,scenario
2,60307,R_1fjZ50MRRPLzFJC,"1,2,4",2,"1,2,3,5",no_values,1,no_values,"1,2",no_values,1,no_values,1,no_values,1,"1,2,3",no_values,"2,3",no_values,2,no_values,6,no_values,5,no_values,"1,2,3",no_values,"1,2",no_values,no_values,no_values,no_values,no_values,no_values,no_values,no_values,no_values,no_values,no_values,no_values,no_values,no_values,no_values,no_values,no_values,no_values,no_values,no_values,no_values,no_values,no_values,no_values,no_values,2,no_values,5,no_values,1,no_values,1,no_values,1,no_values,4,5,5,no_values,6,no_values,7,no_values,5,no_values,5,no_values,4,no_values,no_values,no_values,no_values,no_values,no_values,no_values,no_values,no_values,no_values,no_values,no_values,no_values,no_values,no_values,no_values,no_values,no_values,no_values,no_values,no_values,no_values,no_values,no_values,no_values,no_values,no_values,no_values,no_values,no_values,no_values,no_values,no_values,no_values,no_values,no_values,no_values,no_values,no_values,no_values,no_values,no_values,no_values,no_values,no_values,no_values,no_values,no_values,no_values,no_values,no_values,no_values,no_values,no_values,no_values,no_values,no_values,no_values,no_values,no_values,no_values,no_values,no_values,no_values,no_values,no_values,no_values,no_values,no_values,no_values,no_values,no_values,no_values,no_values,no_values,no_values,no_values,no_values,no_values,no_values,no_values,no_values,no_values,no_values,no_values,no_values,no_values,no_values,no_values,no_values,no_values,no_values,no_values,no_values,no_values,no_values,no_values,1,5,no_values,no_values,no_values,5,no_values,no_values,no_values,no_values,no_values,no_values,no_values,no_values,no_values,no_values,no_values,7,no_values,no_values,no_values,no_values,no_values,no_values,no_values,no_values,no_values,"Suppose you want to call your mother for sharing an important update about your life when you are surrounded with people you are close to (e.g., friends, family members)at your home."
3,72903,R_af0CY7TKyPrLlnz,"1,2,3",2,5,no_values,5,no_values,2,no_values,1,no_values,1,no_values,2,5,no_values,3,no_values,1,no_values,3,no_values,2,no_values,2,no_values,2,no_values,no_values,no_values,no_values,no_values,no_values,no_values,no_values,no_values,no_values,no_values,no_values,no_values,no_values,no_values,no_values,no_values,no_values,no_values,no_values,no_values,no_values,no_values,no_values,no_values,5,no_values,5,no_values,2,no_values,1,no_values,1,no_values,2,5,3,no_values,1,no_values,3,no_values,2,no_values,2,no_values,2,no_values,no_values,no_values,no_values,no_values,no_values,no_values,no_values,no_values,no_values,no_values,no_values,no_values,no_values,no_values,no_values,no_values,no_values,no_values,no_values,no_values,no_values,no_values,no_values,no_values,no_values,no_values,no_values,no_values,no_values,no_values,no_values,no_values,no_values,no_values,no_values,no_values,no_values,no_values,no_values,no_values,no_values,no_values,no_values,no_values,no_values,no_values,no_values,no_values,no_values,no_values,no_values,no_values,no_values,no_values,no_values,no_values,no_values,no_values,no_values,no_values,no_values,no_values,no_values,no_values,no_values,no_values,no_values,no_values,no_values,no_values,no_values,no_values,no_values,no_values,no_values,no_values,no_values,no_values,no_values,no_values,no_values,no_values,no_values,no_values,no_values,no_values,no_values,no_values,no_values,no_values,no_values,no_values,no_values,no_values,no_values,no_values,2,2,no_values,no_values,no_values,3,no_values,no_values,no_values,no_values,no_values,no_values,no_values,no_values,no_values,no_values,no_values,3,no_values,no_values,no_values,no_values,no_values,no_values,no_values,no_values,no_values,"<span lang=""EN-GB"">Suppose you want to watch some video when you are with your close friends at Starbucks.<o:p></o:p></span>"
4,44431,R_1dFB6GGwEZYbXb6,"1,2,3,4,5,6",1,"1,2,3,4,5",no_values,"1,2,3",no_values,"1,2,3,4",no_values,1,no_values,"1,2,3,4",no_values,"1,2,3","1,2,3",no_values,"1,2,3",no_values,"1,2,3,4",no_values,"1,2,3,4",no_values,"1,2,3",no_values,"1,2,3",no_values,"1,2",no_values,"1,2,3,4,5",no_values,"1,2,3",no_values,"1,2,3,4",no_values,1,no_values,"1,2,3,4",no_values,"1,2,3","1,2,3","1,2,3",no_values,"1,2,3,4",no_values,"1,2,3,4",no_values,"1,2,3",no_values,"1,2,3",no_values,"1,2",no_values,no_values,no_values,no_values,no_values,no_values,no_values,no_values,no_values,no_values,no_values,no_values,no_values,no_values,no_values,no_values,no_values,no_values,no_values,no_values,no_values,no_values,no_values,no_values,no_values,no_values,no_values,no_values,no_values,no_values,no_values,no_values,no_values,no_values,no_values,no_values,no_values,no_values,no_values,no_values,no_values,no_values,no_values,no_values,no_values,no_values,no_values,no_values,no_values,no_values,no_values,no_values,no_values,no_values,no_values,no_values,no_values,no_values,no_values,no_values,no_values,no_values,no_values,no_values,no_values,no_values,no_values,no_values,no_values,no_values,no_values,no_values,no_values,no_values,no_values,no_values,no_values,no_values,no_values,no_values,no_values,no_values,no_values,no_values,no_values,no_values,no_values,no_values,no_values,no_values,no_values,no_values,no_values,no_values,no_values,no_values,no_values,no_values,no_values,no_values,no_values,no_values,no_values,no_values,no_values,no_values,no_values,no_values,no_values,no_values,no_values,no_values,no_values,no_values,no_values,no_values,no_values,no_values,no_values,no_values,no_values,"1,2,3","1,2,3",no_values,"1,2,3",no_values,no_values,no_values,no_values,no_values,no_values,no_values,no_values,no_values,no_values,no_values,"1,2,3,4",no_values,no_values,no_values,no_values,no_values,no_values,no_values,no_values,no_values,no_values,no_values,"<span lang=""EN-GB"">Suppose you are at a park, you have just read a book you loved and now you&nbsp;</span>want to write a review for it to share with people you are close to (e.g., friends, family members)"
5,97999,R_3PGK2NLQ1iac2MG,"1,2,3,4",4,2,no_values,1,no_values,6,no_values,3,no_values,1,no_values,3,5,no_values,5,no_values,6,no_values,7,no_values,5,no_values,"1,2",no_values,4,no_values,no_values,no_values,no_values,no_values,no_values,no_values,no_values,no_values,no_values,no_values,no_values,no_values,no_values,no_values,no_values,no_values,no_values,no_values,no_values,no_values,no_values,no_values,no_values,no_values,no_values,no_values,no_values,no_values,no_values,no_values,no_values,no_values,no_values,no_values,no_values,no_values,no_values,no_values,no_values,no_values,no_values,no_values,no_values,no_values,no_values,no_values,no_values,no_values,no_values,no_values,no_values,no_values,no_values,no_values,no_values,no_values,no_values,no_values,no_values,no_values,no_values,no_values,no_values,no_values,no_values,no_values,no_values,no_values,no_values,no_values,no_values,no_values,2,no_values,1,no_values,1,no_values,1,no_values,1,no_values,4,5,5,no_values,6,no_values,7,no_values,1,no_values,5,no_values,4,no_values,no_values,no_values,no_values,no_values,no_values,no_values,no_values,no_values,no_values,no_values,no_values,no_values,no_values,no_values,no_values,no_values,no_values,no_values,no_values,no_values,no_values,no_values,no_values,no_values,no_values,no_values,no_values,no_values,no_values,no_values,no_values,no_values,no_values,no_values,no_values,no_values,no_values,no_values,no_values,no_values,no_values,no_values,no_values,no_values,no_values,no_values,no_values,no_values,3,5,no_values,no_values,no_values,no_values,no_values,no_values,no_values,5,no_values,no_values,no_values,no_values,no_values,no_values,no_values,no_values,no_values,no_values,no_values,7,no_values,no_values,no_values,no_values,no_values,"<span lang=""EN-GB"">Suppose     you want to read a digital document when you are at home with people you     are close to (e.g., friends, family members).<strong><o:p></o:p></strong></span>"
6,27754,R_1QmX4NU5wp5Bb1E,"1,3,4",4,2,no_values,1,no_values,1,no_values,1,no_values,1,no_values,1,3,no_values,1,no_values,1,no_values,3,no_values,2,no_values,1,no_values,2,no_values,no_values,no_values,no_values,no_values,no_values,no_values,no_values,no_values,no_values,no_values,no_values,no_values,no_values,no_values,no_values,no_values,no_values,no_values,no_values,no_values,no_values,no_values,no_values,no_values,no_values,no_values,no_values,no_values,no_values,no_values,no_values,no_values,no_values,no_values,no_values,no_values,no_values,no_values,no_values,no_values,no_values,no_values,no_values,no_values,no_values,no_values,no_values,no_values,no_values,no_values,no_values,no_values,no_values,no_values,no_values,no_values,no_values,no_values,no_values,no_values,no_values,no_values,no_values,no_values,no_values,no_values,no_values,no_values,no_values,no_values,no_values,no_values,3,no_values,2,no_values,3,no_values,1,no_values,1,no_values,2,2,2,no_values,2,no_values,3,no_values,1,no_values,2,no_values,2,no_values,no_values,no_values,no_values,no_values,no_values,no_values,no_values,no_values,no_values,no_values,no_values,no_values,no_values,no_values,no_values,no_values,no_values,no_values,no_values,no_values,no_values,no_values,no_values,no_values,no_values,no_values,no_values,no_values,no_values,no_values,no_values,no_values,no_values,no_values,no_values,no_values,no_values,no_values,no_values,no_values,no_values,no_values,no_values,no_values,no_values,no_values,no_values,no_values,1,2,no_values,no_values,no_values,no_values,no_values,no_values,no_values,2,no_values,no_values,no_values,no_values,no_values,no_values,no_values,no_values,no_values,no_values,no_values,3,no_values,no_values,no_values,no_values,no_values,"<span lang=""EN-GB"">Suppose     you want to a view a text message when you are alone at Starbucks.<o:p></o:p></span>"
7,65209,R_OdMqOAVrphwTHwd,"1,2,3,4",2,2,no_values,1,no_values,2,no_values,1,no_values,4,no_values,3,2,no_values,5,no_values,1,no_values,7,no_values,5,no_values,3,no_values,"1,2",no_values,no_values,no_values,no_values,no_values,no_values,no_values,no_values,no_values,no_values,no_values,no_values,no_values,no_values,no_values,no_values,no_values,no_values,no_values,no_values,no_values,no_values,no_values,no_values,no_values,2,no_values,1,no_values,2,no_values,1,no_values,4,no_values,2,"1,2",5,no_values,3,no_values,7,no_values,2,no_values,1,no_values,4,no_values,no_values,no_values,no_values,no_values,no_values,no_values,no_values,no_values,no_values,no_values,no_values,no_values,no_values,no_values,no_values,no_values,no_values,no_values,no_values,no_values,no_values,no_values,no_values,no_values,no_values,no_values,no_values,no_values,no_values,no_values,no_values,no_values,no_values,no_values,no_values,no_values,no_values,no_values,no_values,no_values,no_values,no_values,no_values,no_values,no_values,no_values,no_values,no_values,no_values,no_values,no_values,no_values,no_values,no_values,no_values,no_values,no_values,no_values,no_values,no_values,no_values,no_values,no_values,no_values,no_values,no_values,no_values,no_values,no_values,no_values,no_values,no_values,no_values,no_values,no_values,no_values,no_values,no_values,no_values,no_values,no_values,no_values,no_values,no_values,no_values,no_values,no_values,no_values,no_values,no_values,no_values,no_values,no_values,no_values,no_values,no_values,3,5,no_values,no_values,no_values,5,no_values,no_values,no_values,no_values,no_values,no_values,no_values,no_values,no_values,no_values,no_values,7,no_values,no_values,no_values,no_values,no_values,no_values,no_values,no_values,no_values,"<span lang=""EN-GB"">Suppose     you want to listen to some audio when you are with your close friends in a     park.<o:p></o:p></span>"
8,16884,R_1eY2gIhtp3v0X7r,"1,2,3,4,5,6",6,2,no_values,5,no_values,"2,3",no_values,1,no_values,1,no_values,4,5,no_values,2,no_values,"1,3",no_values,"1,2,3",no_values,"1,2",no_values,1,no_values,4,no_values,no_values,no_values,no_values,no_values,no_values,no_values,no_values,no_values,no_values,no_values,no_values,no_values,no_values,no_values,no_values,no_values,no_values,no_values,no_values,no_values,no_values,no_values,no_values,no_values,no_values,no_values,no_values,no_values,no_values,no_values,no_values,no_values,no_values,no_values,no_values,no_values,no_values,no_values,no_values,no_values,no_values,no_values,no_values,no_values,no_values,no_values,no_values,no_values,no_values,no_values,no_values,no_values,no_values,no_values,no_values,no_values,no_values,no_values,no_values,no_values,no_values,no_values,no_values,no_values,no_values,no_values,no_values,no_values,no_values,no_values,no_values,no_values,no_values,no_values,no_values,no_values,no_values,no_values,no_values,no_values,no_values,no_values,no_values,no_values,no_values,no_values,no_values,no_values,no_values,no_values,no_values,no_values,no_values,no_values,no_values,no_values,no_values,no_values,no_values,no_values,no_values,no_values,no_values,no_values,no_values,no_values,no_values,no_values,no_values,no_values,no_values,no_values,no_values,no_values,no_values,no_values,no_values,no_values,no_values,no_values,2,no_values,5,no_values,"1,2",no_values,1,no_values,1,no_values,4,5,5,no_values,3,no_values,"1,2,3,4",no_values,2,no_values,5,no_values,1,no_values,4,"1,2",no_values,no_values,no_values,no_values,no_values,no_values,no_values,no_values,no_values,no_values,no_values,5,no_values,no_values,no_values,no_values,no_values,no_values,no_values,no_values,no_values,no_values,no_values,"1,2,3,4",no_values,"<span lang=""EN-GB"">Suppose you want to a view a text message when you are alone at a street.<o:p></o:p></span>"
9,9455,R_SOTzusnu3q31TMZ,"1,2,3,4,5,6",6,"1,2,5",no_values,1,no_values,"2,3",no_values,1,no_values,1,no_values,4,5,no_values,2,no_values,3,no_values,"1,2,3",no_values,"1,2",no_values,1,no_values,1,no_values,no_values,no_values,no_values,no_values,no_values,no_values,no_values,no_values,no_values,no_values,no_values,no_values,no_values,no_values,no_values,no_values,no_values,no_values,no_values,no_values,no_values,no_values,no_values,no_values,no_values,no_values,no_values,no_values,no_values,no_values,no_values,no_values,no_values,no_values,no_values,no_values,no_values,no_values,no_values,no_values,no_values,no_values,no_values,no_values,no_values,no_values,no_values,no_values,no_values,no_values,no_values,no_values,no_values,no_values,no_values,no_values,no_values,no_values,no_values,no_values,no_values,no_values,no_values,no_values,no_values,no_values,no_values,no_values,no_values,no_values,no_values,no_values,no_values,no_values,no_values,no_values,no_values,no_values,no_values,no_values,no_values,no_values,no_values,no_values,no_values,no_values,no_values,no_values,no_values,no_values,no_values,no_values,no_values,no_values,no_values,no_values,no_values,no_values,no_values,no_values,no_values,no_values,no_values,no_values,no_values,no_values,no_values,no_values,no_values,no_values,no_values,no_values,no_values,no_values,no_values,no_values,no_values,no_values,no_values,no_values,"1,2,5",no_values,1,no_values,"2,3",no_values,1,no_values,1,no_values,4,3,"2,3",no_values,3,no_values,"2,3",no_values,2,no_values,"1,2",no_values,"1,2",no_values,4,"1,2",no_values,no_values,no_values,no_values,no_values,no_values,no_values,no_values,no_values,no_values,no_values,"2,3",no_values,no_values,no_values,no_values,no_values,no_values,no_values,no_values,no_values,no_values,no_values,"2,3",no_values,"<span lang=""EN-GB"">Suppose you want to find a route to home while walking on a street with people you know (e.g., acquaintances, colleagues).<o:p></o:p></span>"
10,64836,R_vrl3aFCUfIsQt2h,"2,3,4,5","2,4","1,2,3,4,5",no_values,"1,2",no_values,"1,2",no_values,1,no_values,1,no_values,3,"1,2,3",no_values,"1,2,3",no_values,"1,2",no_values,"1,2,3,4",no_values,"1,2,3",no_values,"1,3",no_values,"1,2",no_values,no_values,no_values,no_values,no_values,no_values,no_values,no_values,no_values,no_values,no_values,no_values,no_values,no_values,no_values,no_values,no_values,no_values,no_values,no_values,no_values,no_values,no_values,no_values,no_values,"1,2,3",no_values,1,no_values,"1,2,3,4",no_values,1,no_values,1,no_values,3,"1,2,3","1,2,3",no_values,"1,2,4",no_values,"1,2,3,4",no_values,"1,2,3",no_values,"1,3",no_values,"1,2",no_values,no_values,no_values,no_values,no_values,no_values,no_values,no_values,no_values,no_values,no_values,no_values,no_values,no_values,no_values,no_values,no_values,no_values,no_values,no_values,no_values,no_values,no_values,no_values,no_values,"1,2,3,4,5",no_values,"1,2",no_values,"1,2,3,4",no_values,1,no_values,1,no_values,3,"1,2,3","1,2,3",no_values,"1,2,4",no_values,"1,2,3,4",no_values,"1,2",no_values,"1,3",no_values,"1,2",no_values,no_values,no_values,no_values,no_values,no_values,no_values,no_values,no_values,no_values,no_values,no_values,no_values,no_values,no_values,no_values,no_values,no_values,no_values,no_values,no_values,no_values,no_values,no_values,no_values,no_values,no_values,no_values,no_values,no_values,no_values,no_values,no_values,no_values,no_values,no_values,no_values,no_values,no_values,no_values,no_values,no_values,no_values,no_values,no_values,no_values,no_values,no_values,no_values,3,"1,2,3",no_values,no_values,no_values,"1,2,3",no_values,no_values,no_values,"1,2,3",no_values,no_values,no_values,no_values,no_values,no_values,no_values,"1,2,3,4",no_values,no_values,no_values,"1,2,3,4",no_values,no_values,no_values,no_values,no_values,"<span lang=""EN-GB"" style=""font-size:11.0pt;line-height:115%;font-family:&quot;Arial&quot;,sans-serif;mso-fareast-font-family:Arial;mso-ansi-language:EN-GB;mso-fareast-language:EN-US;mso-bidi-language:AR-SA"">Suppose you want to asend a text message when you are alone at Starbucks.</span>"
11,70683,R_2ZTudHx92NEpnhx,"1,2,3,4,5,6",4,2,no_values,5,no_values,"3,4",no_values,1,no_values,1,no_values,4,5,no_values,2,no_values,3,no_values,"2,3",no_values,5,no_values,1,no_values,"1,2",no_values,no_values,no_values,no_values,no_values,no_values,no_values,no_values,no_values,no_values,no_values,no_values,no_values,no_values,no_values,no_values,no_values,no_values,no_values,no_values,no_values,no_values,no_values,no_values,no_values,no_values,no_values,no_values,no_values,no_values,no_values,no_values,no_values,no_values,no_values,no_values,no_values,no_values,no_values,no_values,no_values,no_values,no_values,no_values,no_values,no_values,no_values,no_values,no_values,no_values,no_values,no_values,no_values,no_values,no_values,no_values,no_values,no_values,no_values,no_values,no_values,no_values,no_values,no_values,no_values,no_values,no_values,no_values,no_values,no_values,no_values,no_values,no_values,"2,3",no_values,1,no_values,3,no_values,1,no_values,1,no_values,4,5,5,no_values,3,no_values,"2,3",no_values,5,no_values,"1,2",no_values,"1,2",no_values,no_values,no_values,no_values,no_values,no_values,no_values,no_values,no_values,no_values,no_values,no_values,no_values,no_values,no_values,no_values,no_values,no_values,no_values,no_values,no_values,no_values,no_values,no_values,no_values,no_values,no_values,no_values,no_values,no_values,no_values,no_values,no_values,no_values,no_values,no_values,no_values,no_values,no_values,no_values,no_values,no_values,no_values,no_values,no_values,no_values,no_values,no_values,no_values,4,5,no_values,no_values,no_values,no_values,no_values,no_values,no_values,5,no_values,no_values,no_values,no_values,no_values,no_values,no_values,no_values,no_values,no_values,no_values,"2,3",no_values,no_values,no_values,no_values,no_values,"<span lang=""EN-GB"">Suppose you are at sitting in a park and you want to play a digital/online game&nbsp;</span>with some close friends."
12,75765,R_1riGfbJQ91k0IyV,"1,2,3,4,5,6",2,2,no_values,1,no_values,1,no_values,1,no_values,3,no_values,4,3,no_values,2,no_values,6,no_values,6,no_values,1,no_values,3,no_values,"1,2",no_values,no_values,no_values,no_values,no_values,no_values,no_values,no_values,no_values,no_values,no_values,no_values,no_values,no_values,no_values,no_values,no_values,no_values,no_values,no_values,no_values,no_values,no_values,no_values,no_values,2,no_values,1,no_values,"1,3",no_values,1,no_values,1,no_values,2,3,2,no_values,2,no_values,3,no_values,2,no_values,1,no_values,1,no_values,no_values,no_values,no_values,no_values,no_values,no_values,no_values,no_values,no_values,no_values,no_values,no_values,no_values,no_values,no_values,no_values,no_values,no_values,no_values,no_values,no_values,no_values,no_values,no_values,no_values,no_values,no_values,no_values,no_values,no_values,no_values,no_values,no_values,no_values,no_values,no_values,no_values,no_values,no_values,no_values,no_values,no_values,no_values,no_values,no_values,no_values,no_values,no_values,no_values,no_values,no_values,no_values,no_values,no_values,no_values,no_values,no_values,no_values,no_values,no_values,no_values,no_values,no_values,no_values,no_values,no_values,no_values,no_values,no_values,no_values,no_values,no_values,no_values,no_values,no_values,no_values,no_values,no_values,no_values,no_values,no_values,no_values,no_values,no_values,no_values,no_values,no_values,no_values,no_values,no_values,no_values,no_values,no_values,no_values,no_values,no_values,4,1,no_values,no_values,no_values,2,no_values,no_values,no_values,no_values,no_values,no_values,no_values,no_values,no_values,no_values,no_values,3,no_values,no_values,no_values,no_values,no_values,no_values,no_values,no_values,no_values,"<span lang=""EN-GB"">Suppose     you want to listen to some audio when you are with people you know (e.g.,     acquaintances, colleagues) in a park.<o:p></o:p></span><p><span lang=""EN-GB"" style=""color:red"">&nbsp;</span></p>"
13,39193,R_2sYnKmetvsN1oIg,"2,3,4,5","3,4,5","1,2,4,5",no_values,5,no_values,2,no_values,3,no_values,"2,3",no_values,2,5,no_values,2,no_values,"3,4",no_values,"2,3",no_values,"1,2,3",no_values,5,no_values,4,no_values,no_values,no_values,no_values,no_values,no_values,no_values,no_values,no_values,no_values,no_values,no_values,no_values,no_values,no_values,no_values,no_values,no_values,no_values,no_values,no_values,no_values,no_values,no_values,no_values,no_values,no_values,no_values,no_values,no_values,no_values,no_values,no_values,no_values,no_values,no_values,no_values,no_values,no_values,no_values,no_values,no_values,no_values,no_values,no_values,no_values,no_values,no_values,no_values,4,no_values,5,no_values,3,no_values,3,no_values,1,no_values,4,5,5,no_values,"1,2,3",no_values,3,no_values,"1,2",no_values,3,no_values,"1,2",no_values,"2,3,5",no_values,1,no_values,3,no_values,1,no_values,1,no_values,4,5,2,no_values,3,no_values,3,no_values,5,no_values,3,no_values,4,no_values,1,no_values,5,no_values,4,no_values,1,no_values,"3,4",no_values,2,5,5,no_values,6,no_values,2,no_values,"1,3",no_values,5,no_values,4,no_values,no_values,no_values,no_values,no_values,no_values,no_values,no_values,no_values,no_values,no_values,no_values,no_values,no_values,no_values,no_values,no_values,no_values,no_values,no_values,no_values,no_values,no_values,no_values,no_values,2,"1,2,3",no_values,no_values,no_values,no_values,no_values,5,no_values,2,no_values,5,no_values,no_values,no_values,no_values,no_values,no_values,no_values,3,no_values,3,no_values,2,no_values,no_values,no_values,"<span lang=""EN-GB"">Suppose     you have planned to meet a friend next week and you want put this on your     calendar when you are alone at home<strong><o:p></o:p></strong></span>"
14,34556,R_R9sUfWtPLJL36bD,"1,2,3",1,"2,3,5",no_values,3,no_values,"2,3",no_values,3,no_values,1,no_values,2,5,no_values,"2,3",no_values,"2,3",no_values,3,no_values,"1,2",no_values,"1,3",no_values,4,no_values,"2,5",no_values,1,no_values,3,no_values,3,no_values,1,no_values,3,3,2,no_values,"2,3",no_values,3,no_values,"1,2",no_values,3,no_values,"1,2",no_values,no_values,no_values,no_values,no_values,no_values,no_values,no_values,no_values,no_values,no_values,no_values,no_values,no_values,no_values,no_values,no_values,no_values,no_values,no_values,no_values,no_values,no_values,no_values,no_values,no_values,no_values,no_values,no_values,no_values,no_values,no_values,no_values,no_values,no_values,no_values,no_values,no_values,no_values,no_values,no_values,no_values,no_values,no_values,no_values,no_values,no_values,no_values,no_values,no_values,no_values,no_values,no_values,no_values,no_values,no_values,no_values,no_values,no_values,no_values,no_values,no_values,no_values,no_values,no_values,no_values,no_values,no_values,no_values,no_values,no_values,no_values,no_values,no_values,no_values,no_values,no_values,no_values,no_values,no_values,no_values,no_values,no_values,no_values,no_values,no_values,no_values,no_values,no_values,no_values,no_values,no_values,no_values,no_values,no_values,no_values,no_values,no_values,no_values,no_values,no_values,no_values,no_values,no_values,no_values,no_values,no_values,no_values,no_values,no_values,no_values,no_values,no_values,no_values,no_values,no_values,no_values,no_values,no_values,no_values,no_values,2,"1,2",no_values,2,no_values,no_values,no_values,no_values,no_values,no_values,no_values,no_values,no_values,no_values,no_values,3,no_values,no_values,no_values,no_values,no_values,no_values,no_values,no_values,no_values,no_values,no_values,"Suppose you want to purchase something online when     you are with people you know (e.g., acquaintances,     colleagues) at a park.<o:p></o:p>"
15,81704,R_33e5HpkE6c2AAr0,"1,2,5",1,"2,4,5",no_values,3,no_values,"2,3",no_values,3,no_values,1,no_values,3,3,no_values,5,no_values,"1,2,3",no_values,"2,3",no_values,"1,2",no_values,5,no_values,"1,2",no_values,"2,4",no_values,1,no_values,3,no_values,1,no_values,1,no_values,3,5,5,no_values,3,no_values,3,no_values,"1,2",no_values,5,no_values,"1,2",no_values,no_values,no_values,no_values,no_values,no_values,no_values,no_values,no_values,no_values,no_values,no_values,no_values,no_values,no_values,no_values,no_values,no_values,no_values,no_values,no_values,no_values,no_values,no_values,no_values,no_values,no_values,no_values,no_values,no_values,no_values,no_values,no_values,no_values,no_values,no_values,no_values,no_values,no_values,no_values,no_values,no_values,no_values,no_values,no_values,no_values,no_values,no_values,no_values,no_values,no_values,no_values,no_values,no_values,no_values,no_values,no_values,no_values,no_values,no_values,no_values,no_values,no_values,no_values,no_values,no_values,no_values,no_values,no_values,no_values,no_values,no_values,no_values,no_values,no_values,no_values,no_values,no_values,no_values,no_values,no_values,no_values,no_values,no_values,no_values,no_values,no_values,no_values,no_values,no_values,no_values,no_values,no_values,no_values,no_values,no_values,no_values,no_values,no_values,no_values,no_values,no_values,no_values,no_values,no_values,no_values,no_values,no_values,no_values,no_values,no_values,no_values,no_values,no_values,no_values,no_values,no_values,no_values,no_values,no_values,no_values,3,"1,2",no_values,5,no_values,no_values,no_values,no_values,no_values,no_values,no_values,no_values,no_values,no_values,no_values,3,no_values,no_values,no_values,no_values,no_values,no_values,no_values,no_values,no_values,no_values,no_values,"<span lang=""EN-GB"">Suppose you are alone at home when you realize today is the last day to pay one of your bills online.<o:p></o:p></span>"
16,72276,R_2QyPyr6B30Mh143,"2,3,4","3,4","2,3,4,5",no_values,1,no_values,"1,2,3",no_values,3,no_values,1,no_values,3,3,no_values,"2,3",no_values,"1,2,3",no_values,3,no_values,"1,2",no_values,5,no_values,4,no_values,no_values,no_values,no_values,no_values,no_values,no_values,no_values,no_values,no_values,no_values,no_values,no_values,no_values,no_values,no_values,no_values,no_values,no_values,no_values,no_values,no_values,no_values,no_values,no_values,no_values,no_values,no_values,no_values,no_values,no_values,no_values,no_values,no_values,no_values,no_values,no_values,no_values,no_values,no_values,no_values,no_values,no_values,no_values,no_values,no_values,no_values,no_values,no_values,4,no_values,1,no_values,3,no_values,3,no_values,1,no_values,3,3,5,no_values,"1,2",no_values,3,no_values,2,no_values,5,no_values,4,no_values,"2,3",no_values,1,no_values,3,no_values,1,no_values,1,no_values,3,3,5,no_values,3,no_values,"2,3",no_values,5,no_values,1,no_values,"1,2",no_values,no_values,no_values,no_values,no_values,no_values,no_values,no_values,no_values,no_values,no_values,no_values,no_values,no_values,no_values,no_values,no_values,no_values,no_values,no_values,no_values,no_values,no_values,no_values,no_values,no_values,no_values,no_values,no_values,no_values,no_values,no_values,no_values,no_values,no_values,no_values,no_values,no_values,no_values,no_values,no_values,no_values,no_values,no_values,no_values,no_values,no_values,no_values,no_values,3,"1,2",no_values,no_values,no_values,no_values,no_values,5,no_values,5,no_values,no_values,no_values,no_values,no_values,no_values,no_values,no_values,no_values,3,no_values,"2,3",no_values,no_values,no_values,no_values,no_values,"<span lang=""EN-GB"">Suppose     you want to purchase something online when you are with people you are     close to (e.g., friends, family members).<o:p></o:p></span>"
17,90370,R_2SxBPVgFA80Ra5S,"1,2,5,6","1,6","4,5",no_values,1,no_values,3,no_values,3,no_values,1,no_values,4,5,no_values,2,no_values,"1,2,3",no_values,3,no_values,"1,2",no_values,3,no_values,1,no_values,"3,4",no_values,1,no_values,"2,3",no_values,1,no_values,1,no_values,4,5,5,no_values,"1,2,3",no_values,3,no_values,"1,2",no_values,5,no_values,"1,2",no_values,no_values,no_values,no_values,no_values,no_values,no_values,no_values,no_values,no_values,no_values,no_values,no_values,no_values,no_values,no_values,no_values,no_values,no_values,no_values,no_values,no_values,no_values,no_values,no_values,no_values,no_values,no_values,no_values,no_values,no_values,no_values,no_values,no_values,no_values,no_values,no_values,no_values,no_values,no_values,no_values,no_values,no_values,no_values,no_values,no_values,no_values,no_values,no_values,no_values,no_values,no_values,no_values,no_values,no_values,no_values,no_values,no_values,no_values,no_values,no_values,no_values,no_values,no_values,no_values,no_values,no_values,no_values,no_values,no_values,no_values,no_values,no_values,no_values,no_values,no_values,no_values,no_values,no_values,no_values,no_values,no_values,no_values,no_values,no_values,no_values,no_values,no_values,no_values,no_values,no_values,no_values,no_values,no_values,no_values,no_values,no_values,4,no_values,5,no_values,3,no_values,3,no_values,1,no_values,4,5,5,no_values,3,no_values,"2,3",no_values,2,no_values,5,no_values,2,no_values,4,"1,2",no_values,5,no_values,no_values,no_values,no_values,no_values,no_values,no_values,no_values,no_values,5,no_values,3,no_values,no_values,no_values,no_values,no_values,no_values,no_values,no_values,no_values,"2,3",no_values,"<span lang=""EN-GB"">Suppose you are at Starbucks with your close friends and you realize today is the last day to pay one of your bills online.<o:p></o:p></span>"
18,50133,R_VWkKOs5XiQvsJ0t,"2,3,5,6",2,2,no_values,1,no_values,"2,3",no_values,3,no_values,2,no_values,4,5,no_values,"2,3",no_values,3,no_values,3,no_values,2,no_values,5,no_values,4,no_values,no_values,no_values,no_values,no_values,no_values,no_values,no_values,no_values,no_values,no_values,no_values,no_values,no_values,no_values,no_values,no_values,no_values,no_values,no_values,no_values,no_values,no_values,no_values,no_values,"1,2,5",no_values,3,no_values,"2,3",no_values,1,no_values,1,no_values,4,5,2,no_values,"3,4",no_values,"1,2,3",no_values,"1,2",no_values,"1,2",no_values,"1,2",no_values,no_values,no_values,no_values,no_values,no_values,no_values,no_values,no_values,no_values,no_values,no_values,no_values,no_values,no_values,no_values,no_values,no_values,no_values,no_values,no_values,no_values,no_values,no_values,no_values,no_values,no_values,no_values,no_values,no_values,no_values,no_values,no_values,no_values,no_values,no_values,no_values,no_values,no_values,no_values,no_values,no_values,no_values,no_values,no_values,no_values,no_values,no_values,no_values,no_values,no_values,no_values,no_values,no_values,no_values,no_values,no_values,no_values,no_values,no_values,no_values,no_values,no_values,no_values,no_values,no_values,no_values,no_values,no_values,no_values,no_values,no_values,no_values,no_values,no_values,no_values,no_values,no_values,no_values,no_values,no_values,no_values,no_values,no_values,no_values,no_values,no_values,no_values,no_values,no_values,no_values,no_values,no_values,no_values,no_values,no_values,no_values,4,2,no_values,no_values,no_values,2,no_values,no_values,no_values,no_values,no_values,no_values,no_values,no_values,no_values,no_values,no_values,"1,2,3",no_values,no_values,no_values,no_values,no_values,no_values,no_values,no_values,no_values,"<span lang=""EN-GB"">Suppose you want to browse internet when you are with your close friends at a restaurant.<o:p></o:p></span>"
19,41470,R_sFCLo8N7ta5QILv,"1,2,3",1,1,no_values,1,no_values,1,no_values,1,no_values,1,no_values,3,4,wait till I get back home,3,no_values,4,no_values,3,no_values,2,no_values,1,no_values,1,no_values,2,no_values,2,no_values,1,no_values,1,no_values,1,no_values,2,3,1,no_values,2,no_values,3,no_values,2,no_values,1,no_values,1,no_values,no_values,no_values,no_values,no_values,no_values,no_values,no_values,no_values,no_values,no_values,no_values,no_values,no_values,no_values,no_values,no_values,no_values,no_values,no_values,no_values,no_values,no_values,no_values,no_values,no_values,no_values,no_values,no_values,no_values,no_values,no_values,no_values,no_values,no_values,no_values,no_values,no_values,no_values,no_values,no_values,no_values,no_values,no_values,no_values,no_values,no_values,no_values,no_values,no_values,no_values,no_values,no_values,no_values,no_values,no_values,no_values,no_values,no_values,no_values,no_values,no_values,no_values,no_values,no_values,no_values,no_values,no_values,no_values,no_values,no_values,no_values,no_values,no_values,no_values,no_values,no_values,no_values,no_values,no_values,no_values,no_values,no_values,no_values,no_values,no_values,no_values,no_values,no_values,no_values,no_values,no_values,no_values,no_values,no_values,no_values,no_values,no_values,no_values,no_values,no_values,no_values,no_values,no_values,no_values,no_values,no_values,no_values,no_values,no_values,no_values,no_values,no_values,no_values,no_values,no_values,no_values,no_values,no_values,no_values,no_values,3,2,no_values,1,no_values,no_values,no_values,no_values,no_values,no_values,no_values,no_values,no_values,no_values,no_values,3,no_values,no_values,no_values,no_values,no_values,no_values,no_values,no_values,no_values,no_values,no_values,"<span lang=""EN-GB"">Suppose     you want to a send an email when you are walking on a street.<o:p></o:p></span>"
20,42885,R_1LdRxhscSK8d9VL,"1,2,3,4,5,6",2,1,no_values,"1,2",no_values,6,no_values,1,no_values,1,no_values,4,5,no_values,1,no_values,6,no_values,2,no_values,5,no_values,5,no_values,4,no_values,no_values,no_values,no_values,no_values,no_values,no_values,no_values,no_values,no_values,no_values,no_values,no_values,no_values,no_values,no_values,no_values,no_values,no_values,no_values,no_values,no_values,no_values,no_values,no_values,1,no_values,1,no_values,1,no_values,1,no_values,1,no_values,"1,2",5,1,no_values,1,no_values,"1,2,3",no_values,5,no_values,5,no_values,4,no_values,no_values,no_values,no_values,no_values,no_values,no_values,no_values,no_values,no_values,no_values,no_values,no_values,no_values,no_values,no_values,no_values,no_values,no_values,no_values,no_values,no_values,no_values,no_values,no_values,no_values,no_values,no_values,no_values,no_values,no_values,no_values,no_values,no_values,no_values,no_values,no_values,no_values,no_values,no_values,no_values,no_values,no_values,no_values,no_values,no_values,no_values,no_values,no_values,no_values,no_values,no_values,no_values,no_values,no_values,no_values,no_values,no_values,no_values,no_values,no_values,no_values,no_values,no_values,no_values,no_values,no_values,no_values,no_values,no_values,no_values,no_values,no_values,no_values,no_values,no_values,no_values,no_values,no_values,no_values,no_values,no_values,no_values,no_values,no_values,no_values,no_values,no_values,no_values,no_values,no_values,no_values,no_values,no_values,no_values,no_values,no_values,4,5,no_values,no_values,no_values,1,no_values,no_values,no_values,no_values,no_values,no_values,no_values,no_values,no_values,no_values,no_values,"1,2,3",no_values,no_values,no_values,no_values,no_values,no_values,no_values,no_values,no_values,"<span lang=""EN-GB"">Suppose you want to set up a reminder when you are at a park with close friends.<o:p></o:p></span>"
21,42169,R_1M5M4Yhnmkmf5zQ,"1,2,3,4","1,3","2,4,5",no_values,3,no_values,"2,3",no_values,3,no_values,1,no_values,4,5,no_values,5,no_values,"1,2,3",no_values,3,no_values,"1,2",no_values,2,no_values,4,no_values,"2,3,5",no_values,1,no_values,"1,2,3",no_values,3,no_values,1,no_values,4,5,5,no_values,3,no_values,"2,3",no_values,"1,2",no_values,5,no_values,"1,2",no_values,no_values,no_values,no_values,no_values,no_values,no_values,no_values,no_values,no_values,no_values,no_values,no_values,no_values,no_values,no_values,no_values,no_values,no_values,no_values,no_values,no_values,no_values,no_values,no_values,"2,5",no_values,1,no_values,"1,2,3",no_values,3,no_values,1,no_values,4,5,5,no_values,"1,3",no_values,3,no_values,2,no_values,1,no_values,"1,2",no_values,no_values,no_values,no_values,no_values,no_values,no_values,no_values,no_values,no_values,no_values,no_values,no_values,no_values,no_values,no_values,no_values,no_values,no_values,no_values,no_values,no_values,no_values,no_values,no_values,no_values,no_values,no_values,no_values,no_values,no_values,no_values,no_values,no_values,no_values,no_values,no_values,no_values,no_values,no_values,no_values,no_values,no_values,no_values,no_values,no_values,no_values,no_values,no_values,no_values,no_values,no_values,no_values,no_values,no_values,no_values,no_values,no_values,no_values,no_values,no_values,no_values,no_values,no_values,no_values,no_values,no_values,no_values,no_values,no_values,no_values,no_values,no_values,4,"1,2",no_values,5,no_values,no_values,no_values,5,no_values,no_values,no_values,no_values,no_values,no_values,no_values,"2,3",no_values,no_values,no_values,3,no_values,no_values,no_values,no_values,no_values,no_values,no_values,"<span lang=""EN-GB"">Suppose you are at work with some people you know (e.g., acquaintances, colleagues) when you realize that you have to immediately pay one of your bills online.<o:p></o:p></span>"
22,19973,R_2t3c4SLlth6RTjX,"1,2,4,6",2,5,no_values,5,no_values,6,no_values,3,no_values,6,no_values,4,5,no_values,5,no_values,6,no_values,7,no_values,5,no_values,5,no_values,4,no_values,no_values,no_values,no_values,no_values,no_values,no_values,no_values,no_values,no_values,no_values,no_values,no_values,no_values,no_values,no_values,no_values,no_values,no_values,no_values,no_values,no_values,no_values,no_values,no_values,2,no_values,5,no_values,6,no_values,1,no_values,6,no_values,4,5,5,no_values,6,no_values,7,no_values,5,no_values,5,no_values,4,no_values,no_values,no_values,no_values,no_values,no_values,no_values,no_values,no_values,no_values,no_values,no_values,no_values,no_values,no_values,no_values,no_values,no_values,no_values,no_values,no_values,no_values,no_values,no_values,no_values,no_values,no_values,no_values,no_values,no_values,no_values,no_values,no_values,no_values,no_values,no_values,no_values,no_values,no_values,no_values,no_values,no_values,no_values,no_values,no_values,no_values,no_values,no_values,no_values,no_values,no_values,no_values,no_values,no_values,no_values,no_values,no_values,no_values,no_values,no_values,no_values,no_values,no_values,no_values,no_values,no_values,no_values,no_values,no_values,no_values,no_values,no_values,no_values,no_values,no_values,no_values,no_values,no_values,no_values,no_values,no_values,no_values,no_values,no_values,no_values,no_values,no_values,no_values,no_values,no_values,no_values,no_values,no_values,no_values,no_values,no_values,no_values,4,5,no_values,no_values,no_values,5,no_values,no_values,no_values,no_values,no_values,no_values,no_values,no_values,no_values,no_values,no_values,7,no_values,no_values,no_values,no_values,no_values,no_values,no_values,no_values,no_values,"<span lang=""EN-GB"">Suppose     you want to a send a text message when you are surrounded by people you     know (e.g., acquaintances, colleagues) at your home.<o:p></o:p></span>"
23,14343,R_3rVvxge1i76g7At,"2,4,5,6","5,6","1,2,3,5",no_values,3,no_values,"1,2,3,4",no_values,3,no_values,2,no_values,2,5,no_values,2,no_values,3,no_values,"1,2,3",no_values,"1,2",no_values,1,no_values,4,no_values,no_values,no_values,no_values,no_values,no_values,no_values,no_values,no_values,no_values,no_values,no_values,no_values,no_values,no_values,no_values,no_values,no_values,no_values,no_values,no_values,no_values,no_values,no_values,no_values,no_values,no_values,no_values,no_values,no_values,no_values,no_values,no_values,no_values,no_values,no_values,no_values,no_values,no_values,no_values,no_values,no_values,no_values,no_values,no_values,no_values,no_values,no_values,no_values,no_values,no_values,no_values,no_values,no_values,no_values,no_values,no_values,no_values,no_values,no_values,no_values,no_values,no_values,no_values,no_values,no_values,no_values,no_values,no_values,no_values,no_values,no_values,no_values,no_values,no_values,no_values,no_values,no_values,no_values,no_values,no_values,no_values,no_values,no_values,no_values,no_values,no_values,no_values,no_values,no_values,no_values,no_values,no_values,no_values,no_values,no_values,no_values,1,no_values,2,no_values,4,no_values,3,no_values,"3,4",no_values,"2,3",5,"1,2",no_values,4,no_values,2,no_values,"1,3",no_values,5,no_values,4,no_values,"1,2",no_values,5,no_values,"2,3",no_values,1,no_values,1,no_values,4,5,2,no_values,3,no_values,"2,3",no_values,2,no_values,1,no_values,4,no_values,2,"1,2",no_values,no_values,no_values,no_values,no_values,no_values,no_values,no_values,no_values,"1,2",no_values,2,no_values,no_values,no_values,no_values,no_values,no_values,no_values,no_values,no_values,2,no_values,"2,3",no_values,"<span lang=""EN-GB"">Suppose     you want to a send a text message when you are alone at home<strong><o:p></o:p></strong></span>"
24,14158,R_31pGxpCHpkOlTwg,"1,2,4,5","1,4","1,2,5",no_values,3,no_values,"2,3",no_values,1,no_values,1,no_values,4,5,no_values,"2,3",no_values,"1,2,3",no_values,"2,3",no_values,"1,2",no_values,5,no_values,"1,2",no_values,"2,5",no_values,1,no_values,3,no_values,3,no_values,1,no_values,3,5,5,no_values,3,no_values,"2,3",no_values,2,no_values,5,no_values,"1,2",no_values,no_values,no_values,no_values,no_values,no_values,no_values,no_values,no_values,no_values,no_values,no_values,no_values,no_values,no_values,no_values,no_values,no_values,no_values,no_values,no_values,no_values,no_values,no_values,no_values,no_values,no_values,no_values,no_values,no_values,no_values,no_values,no_values,no_values,no_values,no_values,no_values,no_values,no_values,no_values,no_values,no_values,no_values,no_values,no_values,no_values,no_values,no_values,no_values,"1,2,5",no_values,1,no_values,"2,3",no_values,3,no_values,1,no_values,4,5,5,no_values,3,no_values,"2,3",no_values,2,no_values,1,no_values,"1,2",no_values,no_values,no_values,no_values,no_values,no_values,no_values,no_values,no_values,no_values,no_values,no_values,no_values,no_values,no_values,no_values,no_values,no_values,no_values,no_values,no_values,no_values,no_values,no_values,no_values,no_values,no_values,no_values,no_values,no_values,no_values,no_values,no_values,no_values,no_values,no_values,no_values,no_values,no_values,no_values,no_values,no_values,no_values,no_values,no_values,no_values,no_values,no_values,no_values,4,"1,2",no_values,5,no_values,no_values,no_values,no_values,no_values,5,no_values,no_values,no_values,no_values,no_values,"2,3",no_values,no_values,no_values,no_values,no_values,"2,3",no_values,no_values,no_values,no_values,no_values,"<span lang=""EN-GB"">Suppose     you want to watch some video when you are with people you know (e.g.,     acquaintances, colleagues) in a park.<o:p></o:p></span>"
25,54674,R_1H8MmRbZYRkEfEs,"1,2,4,5","1,4","2,4,5",no_values,1,no_values,"2,3",no_values,3,no_values,1,no_values,3,2,no_values,5,no_values,"1,3",no_values,"2,3",no_values,"1,2",no_values,1,no_values,4,no_values,"2,5",no_values,1,no_values,2,no_values,3,no_values,1,no_values,4,5,5,no_values,"1,2,3",no_values,3,no_values,"1,2",no_values,1,no_values,"1,2",no_values,no_values,no_values,no_values,no_values,no_values,no_values,no_values,no_values,no_values,no_values,no_values,no_values,no_values,no_values,no_values,no_values,no_values,no_values,no_values,no_values,no_values,no_values,no_values,no_values,no_values,no_values,no_values,no_values,no_values,no_values,no_values,no_values,no_values,no_values,no_values,no_values,no_values,no_values,no_values,no_values,no_values,no_values,no_values,no_values,no_values,no_values,no_values,no_values,"2,5",no_values,5,no_values,"2,3",no_values,3,no_values,1,no_values,4,5,5,no_values,3,no_values,"2,3",no_values,"1,2",no_values,5,no_values,4,no_values,no_values,no_values,no_values,no_values,no_values,no_values,no_values,no_values,no_values,no_values,no_values,no_values,no_values,no_values,no_values,no_values,no_values,no_values,no_values,no_values,no_values,no_values,no_values,no_values,no_values,no_values,no_values,no_values,no_values,no_values,no_values,no_values,no_values,no_values,no_values,no_values,no_values,no_values,no_values,no_values,no_values,no_values,no_values,no_values,no_values,no_values,no_values,no_values,3,"1,2",no_values,5,no_values,no_values,no_values,no_values,no_values,5,no_values,no_values,no_values,no_values,no_values,3,no_values,no_values,no_values,no_values,no_values,"2,3",no_values,no_values,no_values,no_values,no_values,"<span lang=""EN-GB"">Suppose you want to read a digital document when you are in a park surrounded by your close friends.<o:p></o:p></span>"
26,1782,R_1psSr6PZ3iLjgZD,"2,3,4,5","3,4",2,no_values,1,no_values,"1,2,3",no_values,3,no_values,1,no_values,1,3,no_values,"2,3",no_values,"1,2,3",no_values,"2,3",no_values,"1,2",no_values,1,no_values,4,no_values,no_values,no_values,no_values,no_values,no_values,no_values,no_values,no_values,no_values,no_values,no_values,no_values,no_values,no_values,no_values,no_values,no_values,no_values,no_values,no_values,no_values,no_values,no_values,no_values,no_values,no_values,no_values,no_values,no_values,no_values,no_values,no_values,no_values,no_values,no_values,no_values,no_values,no_values,no_values,no_values,no_values,no_values,no_values,no_values,no_values,no_values,no_values,no_values,2,no_values,1,no_values,"2,3",no_values,3,no_values,1,no_values,1,5,2,no_values,3,no_values,"2,3",no_values,"1,2",no_values,1,no_values,4,no_values,2,no_values,1,no_values,3,no_values,3,no_values,1,no_values,"1,2",5,5,no_values,"1,2,3",no_values,"2,3",no_values,"1,2",no_values,5,no_values,4,no_values,no_values,no_values,no_values,no_values,no_values,no_values,no_values,no_values,no_values,no_values,no_values,no_values,no_values,no_values,no_values,no_values,no_values,no_values,no_values,no_values,no_values,no_values,no_values,no_values,no_values,no_values,no_values,no_values,no_values,no_values,no_values,no_values,no_values,no_values,no_values,no_values,no_values,no_values,no_values,no_values,no_values,no_values,no_values,no_values,no_values,no_values,no_values,no_values,1,"1,2",no_values,no_values,no_values,no_values,no_values,2,no_values,5,no_values,no_values,no_values,no_values,no_values,no_values,no_values,no_values,no_values,"2,3",no_values,"2,3",no_values,no_values,no_values,no_values,no_values,"<span lang=""EN-GB"">Suppose you want to browse through one of your social media profiles when you&nbsp;</span>are at your home."
27,3606,R_YabOtJc5MvpFyRr,"1,2,4,6","1,4","1,2",no_values,5,no_values,2,no_values,3,no_values,1,no_values,1,5,no_values,5,no_values,"1,2,3",no_values,"2,3",no_values,"1,2",no_values,5,no_values,4,no_values,"2,4",no_values,5,no_values,3,no_values,3,no_values,1,no_values,1,"1,2,3",5,no_values,"2,3",no_values,3,no_values,"1,2",no_values,5,no_values,4,no_values,no_values,no_values,no_values,no_values,no_values,no_values,no_values,no_values,no_values,no_values,no_values,no_values,no_values,no_values,no_values,no_values,no_values,no_values,no_values,no_values,no_values,no_values,no_values,no_values,no_values,no_values,no_values,no_values,no_values,no_values,no_values,no_values,no_values,no_values,no_values,no_values,no_values,no_values,no_values,no_values,no_values,no_values,no_values,no_values,no_values,no_values,no_values,no_values,"2,5",no_values,1,no_values,2,no_values,1,no_values,1,no_values,1,5,5,no_values,"1,2,3",no_values,3,no_values,2,no_values,5,no_values,4,no_values,no_values,no_values,no_values,no_values,no_values,no_values,no_values,no_values,no_values,no_values,no_values,no_values,no_values,no_values,no_values,no_values,no_values,no_values,no_values,no_values,no_values,no_values,no_values,no_values,no_values,no_values,no_values,no_values,no_values,no_values,no_values,no_values,no_values,no_values,no_values,no_values,no_values,no_values,no_values,no_values,no_values,no_values,no_values,no_values,no_values,no_values,no_values,no_values,1,"1,2",no_values,5,no_values,no_values,no_values,no_values,no_values,5,no_values,no_values,no_values,no_values,no_values,3,no_values,no_values,no_values,no_values,no_values,3,no_values,no_values,no_values,no_values,no_values,"<span lang=""EN-GB"">Suppose     you want to purchase something online when you are alone at a park.<o:p></o:p></span>"
28,45540,R_1ZK3SDyD8VpQBuV,"1,2,4,6","1,4","2,5",no_values,5,no_values,"1,2,3",no_values,3,no_values,1,no_values,"1,2,3",5,no_values,5,no_values,"1,2,3",no_values,"2,3,4",no_values,"1,2",no_values,1,no_values,4,no_values,"3,5",no_values,1,no_values,"2,3",no_values,3,no_values,1,no_values,4,5,5,no_values,"2,3",no_values,3,no_values,"1,2",no_values,5,no_values,"1,2",no_values,no_values,no_values,no_values,no_values,no_values,no_values,no_values,no_values,no_values,no_values,no_values,no_values,no_values,no_values,no_values,no_values,no_values,no_values,no_values,no_values,no_values,no_values,no_values,no_values,no_values,no_values,no_values,no_values,no_values,no_values,no_values,no_values,no_values,no_values,no_values,no_values,no_values,no_values,no_values,no_values,no_values,no_values,no_values,no_values,no_values,no_values,no_values,no_values,"2,5",no_values,1,no_values,"2,3",no_values,3,no_values,1,no_values,2,5,5,no_values,3,no_values,3,no_values,"1,2",no_values,1,no_values,4,no_values,no_values,no_values,no_values,no_values,no_values,no_values,no_values,no_values,no_values,no_values,no_values,no_values,no_values,no_values,no_values,no_values,no_values,no_values,no_values,no_values,no_values,no_values,no_values,no_values,no_values,no_values,no_values,no_values,no_values,no_values,no_values,no_values,no_values,no_values,no_values,no_values,no_values,no_values,no_values,no_values,no_values,no_values,no_values,no_values,no_values,no_values,no_values,no_values,"1,2,3","1,2",no_values,5,no_values,no_values,no_values,no_values,no_values,5,no_values,no_values,no_values,no_values,no_values,3,no_values,no_values,no_values,no_values,no_values,3,no_values,no_values,no_values,no_values,no_values,"Suppose you want to purchase something online when     you are with people you know (e.g., acquaintances,     colleagues) at a park.<o:p></o:p>"
29,47743,R_1jCxN2vUg7m7Y2j,"1,2,3,4,5,6","2,4,6",2,no_values,1,no_values,"3,4",no_values,3,no_values,1,no_values,1,5,no_values,2,no_values,"1,2,3",no_values,"2,3",no_values,"1,2",no_values,5,no_values,"1,2",no_values,no_values,no_values,no_values,no_values,no_values,no_values,no_values,no_values,no_values,no_values,no_values,no_values,no_values,no_values,no_values,no_values,no_values,no_values,no_values,no_values,no_values,no_values,no_values,no_values,"1,2,3",no_values,5,no_values,"2,3,4",no_values,1,no_values,1,no_values,1,5,5,no_values,"2,3",no_values,"2,3",no_values,"1,2",no_values,5,no_values,1,no_values,no_values,no_values,no_values,no_values,no_values,no_values,no_values,no_values,no_values,no_values,no_values,no_values,no_values,no_values,no_values,no_values,no_values,no_values,no_values,no_values,no_values,no_values,no_values,no_values,"1,2",no_values,1,no_values,"2,3",no_values,1,no_values,1,no_values,4,5,5,no_values,"2,3",no_values,"2,3",no_values,"1,2",no_values,1,no_values,1,no_values,no_values,no_values,no_values,no_values,no_values,no_values,no_values,no_values,no_values,no_values,no_values,no_values,no_values,no_values,no_values,no_values,no_values,no_values,no_values,no_values,no_values,no_values,no_values,no_values,"1,2",no_values,5,no_values,"2,3",no_values,3,no_values,1,no_values,1,5,5,no_values,"2,3",no_values,"2,3",no_values,"1,2",no_values,1,no_values,4,no_values,1,"1,2",no_values,no_values,no_values,5,no_values,no_values,no_values,5,no_values,no_values,no_values,5,no_values,no_values,no_values,"2,3",no_values,no_values,no_values,"2,3",no_values,no_values,no_values,"2,3",no_values,"<span lang=""EN-GB"">Suppose     you want to listen to some audio when you are with your friends at     Starbucks.<o:p></o:p></span>"
30,63230,R_32Qp70SNukCXoFm,"1,2,4,5,6",6,2,no_values,5,no_values,"2,3",no_values,1,no_values,1,no_values,1,5,no_values,5,no_values,3,no_values,"2,3",no_values,"1,2",no_values,5,no_values,4,no_values,no_values,no_values,no_values,no_values,no_values,no_values,no_values,no_values,no_values,no_values,no_values,no_values,no_values,no_values,no_values,no_values,no_values,no_values,no_values,no_values,no_values,no_values,no_values,no_values,no_values,no_values,no_values,no_values,no_values,no_values,no_values,no_values,no_values,no_values,no_values,no_values,no_values,no_values,no_values,no_values,no_values,no_values,no_values,no_values,no_values,no_values,no_values,no_values,no_values,no_values,no_values,no_values,no_values,no_values,no_values,no_values,no_values,no_values,no_values,no_values,no_values,no_values,no_values,no_values,no_values,no_values,no_values,no_values,no_values,no_values,no_values,no_values,no_values,no_values,no_values,no_values,no_values,no_values,no_values,no_values,no_values,no_values,no_values,no_values,no_values,no_values,no_values,no_values,no_values,no_values,no_values,no_values,no_values,no_values,no_values,no_values,no_values,no_values,no_values,no_values,no_values,no_values,no_values,no_values,no_values,no_values,no_values,no_values,no_values,no_values,no_values,no_values,no_values,no_values,no_values,no_values,no_values,no_values,no_values,no_values,"1,2",no_values,5,no_values,"1,2,3",no_values,3,no_values,1,no_values,4,5,2,no_values,"2,3",no_values,"2,3",no_values,"1,2",no_values,5,no_values,4,no_values,1,"1,2",no_values,no_values,no_values,no_values,no_values,no_values,no_values,no_values,no_values,no_values,no_values,2,no_values,no_values,no_values,no_values,no_values,no_values,no_values,no_values,no_values,no_values,no_values,"2,3",no_values,"<span lang=""EN-GB"">Suppose you want to a send a text message when you are alone at a street.<o:p></o:p></span>"
31,16947,R_2fHyt1l8JZWllQX,"1,2,4,5,6","1,4","1,2,5",no_values,5,no_values,2,no_values,3,no_values,1,no_values,4,5,no_values,5,no_values,"1,2,3",no_values,"2,3",no_values,"1,2",no_values,5,no_values,"1,2",no_values,"2,3,5",no_values,5,no_values,"1,3",no_values,1,no_values,1,no_values,4,3,5,no_values,2,no_values,"2,3",no_values,2,no_values,"1,3",no_values,"1,2",no_values,no_values,no_values,no_values,no_values,no_values,no_values,no_values,no_values,no_values,no_values,no_values,no_values,no_values,no_values,no_values,no_values,no_values,no_values,no_values,no_values,no_values,no_values,no_values,no_values,no_values,no_values,no_values,no_values,no_values,no_values,no_values,no_values,no_values,no_values,no_values,no_values,no_values,no_values,no_values,no_values,no_values,no_values,no_values,no_values,no_values,no_values,no_values,no_values,"2,5",no_values,3,no_values,"1,2,3",no_values,1,no_values,1,no_values,4,5,5,no_values,"1,3",no_values,"2,3",no_values,"1,2",no_values,5,no_values,"1,2",no_values,no_values,no_values,no_values,no_values,no_values,no_values,no_values,no_values,no_values,no_values,no_values,no_values,no_values,no_values,no_values,no_values,no_values,no_values,no_values,no_values,no_values,no_values,no_values,no_values,no_values,no_values,no_values,no_values,no_values,no_values,no_values,no_values,no_values,no_values,no_values,no_values,no_values,no_values,no_values,no_values,no_values,no_values,no_values,no_values,no_values,no_values,no_values,no_values,4,"1,2",no_values,5,no_values,no_values,no_values,no_values,no_values,5,no_values,no_values,no_values,no_values,no_values,"2,3",no_values,no_values,no_values,no_values,no_values,"2,3",no_values,no_values,no_values,no_values,no_values,"<span style=""color: rgb(0, 0, 0); font-family: Times; font-size: medium;"">Suppose you want to watch some video when you are with people you know (e.g., acquaintances, colleagues) at Starbucks</span>"
32,92820,R_1prnoxso3u3AV3y,"1,3,5,6","1,3","2,5",no_values,3,no_values,2,no_values,1,no_values,1,no_values,4,5,no_values,5,no_values,"1,2",no_values,"2,3",no_values,"1,2",no_values,3,no_values,1,no_values,2,no_values,1,no_values,"1,3",no_values,1,no_values,1,no_values,4,5,5,no_values,"1,2",no_values,3,no_values,"1,2",no_values,5,no_values,"1,2",no_values,no_values,no_values,no_values,no_values,no_values,no_values,no_values,no_values,no_values,no_values,no_values,no_values,no_values,no_values,no_values,no_values,no_values,no_values,no_values,no_values,no_values,no_values,no_values,no_values,4,no_values,5,no_values,3,no_values,3,no_values,1,no_values,4,5,5,no_values,2,no_values,3,no_values,2,no_values,3,no_values,"1,2",no_values,no_values,no_values,no_values,no_values,no_values,no_values,no_values,no_values,no_values,no_values,no_values,no_values,no_values,no_values,no_values,no_values,no_values,no_values,no_values,no_values,no_values,no_values,no_values,no_values,no_values,no_values,no_values,no_values,no_values,no_values,no_values,no_values,no_values,no_values,no_values,no_values,no_values,no_values,no_values,no_values,no_values,no_values,no_values,no_values,no_values,no_values,no_values,no_values,no_values,no_values,no_values,no_values,no_values,no_values,no_values,no_values,no_values,no_values,no_values,no_values,no_values,no_values,no_values,no_values,no_values,no_values,no_values,no_values,no_values,no_values,no_values,no_values,4,"1,2",no_values,5,no_values,no_values,no_values,5,no_values,no_values,no_values,no_values,no_values,no_values,no_values,3,no_values,no_values,no_values,3,no_values,no_values,no_values,no_values,no_values,no_values,no_values,"<span lang=""EN-GB"">Suppose     you want to read a digital document) when you are at home with people you     know (e.g., acquaintances, colleagues).<o:p></o:p></span>"
33,70044,R_3K3eFnIqpqQVlYd,"1,2,4",1,5,no_values,3,no_values,2,no_values,1,no_values,1,no_values,1,2,no_values,2,no_values,2,no_values,4,no_values,2,no_values,"1,2",no_values,2,no_values,5,no_values,1,no_values,2,no_values,1,no_values,1,no_values,1,3,3,no_values,3,no_values,4,no_values,2,no_values,"1,2",no_values,2,no_values,no_values,no_values,no_values,no_values,no_values,no_values,no_values,no_values,no_values,no_values,no_values,no_values,no_values,no_values,no_values,no_values,no_values,no_values,no_values,no_values,no_values,no_values,no_values,no_values,no_values,no_values,no_values,no_values,no_values,no_values,no_values,no_values,no_values,no_values,no_values,no_values,no_values,no_values,no_values,no_values,no_values,no_values,no_values,no_values,no_values,no_values,no_values,no_values,no_values,no_values,no_values,no_values,no_values,no_values,no_values,no_values,no_values,no_values,no_values,no_values,no_values,no_values,no_values,no_values,no_values,no_values,no_values,no_values,no_values,no_values,no_values,no_values,no_values,no_values,no_values,no_values,no_values,no_values,no_values,no_values,no_values,no_values,no_values,no_values,no_values,no_values,no_values,no_values,no_values,no_values,no_values,no_values,no_values,no_values,no_values,no_values,no_values,no_values,no_values,no_values,no_values,no_values,no_values,no_values,no_values,no_values,no_values,no_values,no_values,no_values,no_values,no_values,no_values,no_values,no_values,no_values,no_values,no_values,no_values,no_values,1,2,no_values,3,no_values,no_values,no_values,no_values,no_values,no_values,no_values,no_values,no_values,no_values,no_values,4,no_values,no_values,no_values,no_values,no_values,no_values,no_values,no_values,no_values,no_values,no_values,"<span lang=""EN-GB"" style=""font-size:11.0pt;line-height:115%;font-family:&quot;Arial&quot;,sans-serif;mso-fareast-font-family:Arial;mso-ansi-language:EN-GB;mso-fareast-language:EN-US;mso-bidi-language:AR-SA"">Suppose you want to asend a text message when you are alone at Starbucks.</span>"
34,71230,R_24dbk30FRzTZRgi,"1,2,5,6",1,"2,3",no_values,3,no_values,"1,2,3",no_values,1,no_values,1,no_values,1,5,no_values,2,no_values,"2,3",no_values,3,no_values,"1,2",no_values,"1,3",no_values,"1,2",no_values,"2,3,4",no_values,1,no_values,"2,3",no_values,3,no_values,1,no_values,4,5,5,no_values,"2,3",no_values,"2,3",no_values,2,no_values,1,no_values,"1,2",no_values,no_values,no_values,no_values,no_values,no_values,no_values,no_values,no_values,no_values,no_values,no_values,no_values,no_values,no_values,no_values,no_values,no_values,no_values,no_values,no_values,no_values,no_values,no_values,no_values,no_values,no_values,no_values,no_values,no_values,no_values,no_values,no_values,no_values,no_values,no_values,no_values,no_values,no_values,no_values,no_values,no_values,no_values,no_values,no_values,no_values,no_values,no_values,no_values,no_values,no_values,no_values,no_values,no_values,no_values,no_values,no_values,no_values,no_values,no_values,no_values,no_values,no_values,no_values,no_values,no_values,no_values,no_values,no_values,no_values,no_values,no_values,no_values,no_values,no_values,no_values,no_values,no_values,no_values,no_values,no_values,no_values,no_values,no_values,no_values,no_values,no_values,no_values,no_values,no_values,no_values,no_values,no_values,no_values,no_values,no_values,no_values,no_values,no_values,no_values,no_values,no_values,no_values,no_values,no_values,no_values,no_values,no_values,no_values,no_values,no_values,no_values,no_values,no_values,no_values,no_values,no_values,no_values,no_values,no_values,no_values,1,"1,2",no_values,5,no_values,no_values,no_values,no_values,no_values,no_values,no_values,no_values,no_values,no_values,no_values,"2,3",no_values,no_values,no_values,no_values,no_values,no_values,no_values,no_values,no_values,no_values,no_values,"<span lang=""EN-GB"">Suppose you want to read a digital document when you are at a park.<o:p></o:p></span>"
35,24651,R_21gmpaz4IFHsu3n,"1,2,4,5","1,4","1,2",no_values,5,no_values,1,no_values,3,no_values,1,no_values,4,5,no_values,5,no_values,"1,2,3",no_values,"2,3",no_values,"1,2",no_values,5,no_values,4,no_values,"2,4",no_values,5,no_values,2,no_values,3,no_values,1,no_values,4,5,5,no_values,"1,2,3",no_values,3,no_values,"1,2",no_values,1,no_values,4,no_values,no_values,no_values,no_values,no_values,no_values,no_values,no_values,no_values,no_values,no_values,no_values,no_values,no_values,no_values,no_values,no_values,no_values,no_values,no_values,no_values,no_values,no_values,no_values,no_values,no_values,no_values,no_values,no_values,no_values,no_values,no_values,no_values,no_values,no_values,no_values,no_values,no_values,no_values,no_values,no_values,no_values,no_values,no_values,no_values,no_values,no_values,no_values,no_values,"1,2,3",no_values,3,no_values,"2,3",no_values,1,no_values,1,no_values,4,5,5,no_values,3,no_values,"2,3",no_values,"1,2",no_values,1,no_values,4,no_values,no_values,no_values,no_values,no_values,no_values,no_values,no_values,no_values,no_values,no_values,no_values,no_values,no_values,no_values,no_values,no_values,no_values,no_values,no_values,no_values,no_values,no_values,no_values,no_values,no_values,no_values,no_values,no_values,no_values,no_values,no_values,no_values,no_values,no_values,no_values,no_values,no_values,no_values,no_values,no_values,no_values,no_values,no_values,no_values,no_values,no_values,no_values,no_values,4,"1,2",no_values,5,no_values,no_values,no_values,no_values,no_values,5,no_values,no_values,no_values,no_values,no_values,3,no_values,no_values,no_values,no_values,no_values,"2,3",no_values,no_values,no_values,no_values,no_values,"<span lang=""EN-GB"">Suppose     you want to find a route to home when you are at Starbucks with people you     know (e.g., acquaintances, colleagues).<o:p></o:p></span>"
36,83896,R_723uYqEBZi8pec9,"1,2,3,4,6",4,"1,2,3,4,5",no_values,"1,2,3",no_values,"1,2,3,4",no_values,1,no_values,"1,2",no_values,"1,2,3","1,2,3",no_values,"1,2,3",no_values,"2,3,4",no_values,"1,2,3,4",no_values,"1,2,3",no_values,"1,2,3",no_values,"1,2",no_values,no_values,no_values,no_values,no_values,no_values,no_values,no_values,no_values,no_values,no_values,no_values,no_values,no_values,no_values,no_values,no_values,no_values,no_values,no_values,no_values,no_values,no_values,no_values,no_values,no_values,no_values,no_values,no_values,no_values,no_values,no_values,no_values,no_values,no_values,no_values,no_values,no_values,no_values,no_values,no_values,no_values,no_values,no_values,no_values,no_values,no_values,no_values,no_values,no_values,no_values,no_values,no_values,no_values,no_values,no_values,no_values,no_values,no_values,no_values,no_values,no_values,no_values,no_values,no_values,no_values,no_values,no_values,no_values,no_values,no_values,no_values,no_values,"1,2,3,4,5",no_values,"1,2,3",no_values,"1,2,3,4",no_values,1,no_values,"1,2",no_values,"1,2,3","1,2,3","1,2,3",no_values,"2,3,4",no_values,"1,2,3,4",no_values,"1,2,3",no_values,"1,2,3",no_values,"1,2",no_values,no_values,no_values,no_values,no_values,no_values,no_values,no_values,no_values,no_values,no_values,no_values,no_values,no_values,no_values,no_values,no_values,no_values,no_values,no_values,no_values,no_values,no_values,no_values,no_values,no_values,no_values,no_values,no_values,no_values,no_values,no_values,no_values,no_values,no_values,no_values,no_values,no_values,no_values,no_values,no_values,no_values,no_values,no_values,no_values,no_values,no_values,no_values,no_values,"1,2,3","1,2,3",no_values,no_values,no_values,no_values,no_values,no_values,no_values,"1,2,3",no_values,no_values,no_values,no_values,no_values,no_values,no_values,no_values,no_values,no_values,no_values,"1,2,3,4",no_values,no_values,no_values,no_values,no_values,"<span lang=""EN-GB"">Suppose     you want to purchase something online when you are with people you know     (e.g., acquaintances, colleagues) at your home.<o:p></o:p></span>"
37,78013,R_10TKGjWmGJSubxZ,"1,2,4",2,7,no_values,3,no_values,2,no_values,3,no_values,1,no_values,2,2,no_values,3,no_values,1,no_values,6,no_values,2,no_values,1,no_values,1,no_values,no_values,no_values,no_values,no_values,no_values,no_values,no_values,no_values,no_values,no_values,no_values,no_values,no_values,no_values,no_values,no_values,no_values,no_values,no_values,no_values,no_values,no_values,no_values,no_values,2,no_values,5,no_values,2,no_values,1,no_values,1,no_values,2,2,5,no_values,1,no_values,3,no_values,2,no_values,1,no_values,1,no_values,no_values,no_values,no_values,no_values,no_values,no_values,no_values,no_values,no_values,no_values,no_values,no_values,no_values,no_values,no_values,no_values,no_values,no_values,no_values,no_values,no_values,no_values,no_values,no_values,no_values,no_values,no_values,no_values,no_values,no_values,no_values,no_values,no_values,no_values,no_values,no_values,no_values,no_values,no_values,no_values,no_values,no_values,no_values,no_values,no_values,no_values,no_values,no_values,no_values,no_values,no_values,no_values,no_values,no_values,no_values,no_values,no_values,no_values,no_values,no_values,no_values,no_values,no_values,no_values,no_values,no_values,no_values,no_values,no_values,no_values,no_values,no_values,no_values,no_values,no_values,no_values,no_values,no_values,no_values,no_values,no_values,no_values,no_values,no_values,no_values,no_values,no_values,no_values,no_values,no_values,no_values,no_values,no_values,no_values,no_values,no_values,2,2,no_values,no_values,no_values,5,no_values,no_values,no_values,no_values,no_values,no_values,no_values,no_values,no_values,no_values,no_values,3,no_values,no_values,no_values,no_values,no_values,no_values,no_values,no_values,no_values,"<span lang=""EN-GB"">Suppose you have planned to meet a friend next week and you want to put this on your calendar when you are surrounded with people you are close to (e.g., friends, family members) at your home.<strong><o:p></o:p></strong></span>"
38,85149,R_9AKI33gBDDXAT6x,"3,4,5,6",4,"2,3,5",no_values,5,no_values,3,no_values,1,no_values,1,no_values,4,5,no_values,5,no_values,3,no_values,3,no_values,"1,2",no_values,5,no_values,4,no_values,no_values,no_values,no_values,no_values,no_values,no_values,no_values,no_values,no_values,no_values,no_values,no_values,no_values,no_values,no_values,no_values,no_values,no_values,no_values,no_values,no_values,no_values,no_values,no_values,no_values,no_values,no_values,no_values,no_values,no_values,no_values,no_values,no_values,no_values,no_values,no_values,no_values,no_values,no_values,no_values,no_values,no_values,no_values,no_values,no_values,no_values,no_values,no_values,no_values,no_values,no_values,no_values,no_values,no_values,no_values,no_values,no_values,no_values,no_values,no_values,no_values,no_values,no_values,no_values,no_values,no_values,no_values,no_values,no_values,no_values,no_values,no_values,"2,3",no_values,1,no_values,3,no_values,3,no_values,1,no_values,4,5,5,no_values,"1,3",no_values,3,no_values,2,no_values,5,no_values,4,no_values,no_values,no_values,no_values,no_values,no_values,no_values,no_values,no_values,no_values,no_values,no_values,no_values,no_values,no_values,no_values,no_values,no_values,no_values,no_values,no_values,no_values,no_values,no_values,no_values,no_values,no_values,no_values,no_values,no_values,no_values,no_values,no_values,no_values,no_values,no_values,no_values,no_values,no_values,no_values,no_values,no_values,no_values,no_values,no_values,no_values,no_values,no_values,no_values,4,"1,2",no_values,no_values,no_values,no_values,no_values,no_values,no_values,5,no_values,no_values,no_values,no_values,no_values,no_values,no_values,no_values,no_values,no_values,no_values,3,no_values,no_values,no_values,no_values,no_values,"<span lang=""EN-GB"">Suppose you want to read a digital document when you are in a park with people you know (e.g., acquaintances, colleagues).<o:p></o:p></span>"
39,17646,R_28YFLQO6uft3RYQ,"1,2,3,4,5,6","1,4","1,2,3,4,5",no_values,3,no_values,"1,3",no_values,1,no_values,1,no_values,3,5,no_values,5,no_values,3,no_values,"2,3",no_values,"1,2",no_values,5,no_values,"1,2",no_values,"2,5",no_values,1,no_values,"1,3",no_values,1,no_values,1,no_values,4,5,5,no_values,"1,2,3",no_values,"2,3",no_values,"1,2",no_values,1,no_values,4,no_values,no_values,no_values,no_values,no_values,no_values,no_values,no_values,no_values,no_values,no_values,no_values,no_values,no_values,no_values,no_values,no_values,no_values,no_values,no_values,no_values,no_values,no_values,no_values,no_values,no_values,no_values,no_values,no_values,no_values,no_values,no_values,no_values,no_values,no_values,no_values,no_values,no_values,no_values,no_values,no_values,no_values,no_values,no_values,no_values,no_values,no_values,no_values,no_values,"2,3",no_values,1,no_values,3,no_values,1,no_values,1,no_values,4,5,5,no_values,"1,3",no_values,3,no_values,2,no_values,5,no_values,"1,2",no_values,no_values,no_values,no_values,no_values,no_values,no_values,no_values,no_values,no_values,no_values,no_values,no_values,no_values,no_values,no_values,no_values,no_values,no_values,no_values,no_values,no_values,no_values,no_values,no_values,no_values,no_values,no_values,no_values,no_values,no_values,no_values,no_values,no_values,no_values,no_values,no_values,no_values,no_values,no_values,no_values,no_values,no_values,no_values,no_values,no_values,no_values,no_values,no_values,3,"1,2",no_values,5,no_values,no_values,no_values,no_values,no_values,5,no_values,no_values,no_values,no_values,no_values,"2,3",no_values,no_values,no_values,no_values,no_values,3,no_values,no_values,no_values,no_values,no_values,"<span lang=""EN-GB"">Suppose     you want to watch some video when you are with your close friends in a     park.<o:p></o:p></span>"
40,13625,R_2xLbkKUlpBPZhrd,"1,2,3,4,5,6","1,3,4,5",4,no_values,5,no_values,"3,4",no_values,1,no_values,"2,3",no_values,"1,2",5,no_values,5,no_values,"3,4",no_values,"2,3",no_values,"2,3",no_values,"1,2,3",no_values,4,no_values,"1,2,3,4",no_values,3,no_values,"2,3",no_values,3,no_values,1,no_values,4,5,5,no_values,"1,3",no_values,"2,3",no_values,2,no_values,5,no_values,4,no_values,no_values,no_values,no_values,no_values,no_values,no_values,no_values,no_values,no_values,no_values,no_values,no_values,no_values,no_values,no_values,no_values,no_values,no_values,no_values,no_values,no_values,no_values,no_values,no_values,4,no_values,5,no_values,"1,3",no_values,3,no_values,1,no_values,2,5,5,no_values,"1,2,3",no_values,3,no_values,"1,2",no_values,5,no_values,"1,2",no_values,"2,3",no_values,1,no_values,"1,2,4",no_values,1,no_values,1,no_values,4,5,5,no_values,"2,3",no_values,"2,3",no_values,2,no_values,5,no_values,"1,2",no_values,1,no_values,5,no_values,4,no_values,1,no_values,"3,4",no_values,2,5,5,no_values,4,no_values,2,no_values,3,no_values,2,no_values,4,no_values,no_values,no_values,no_values,no_values,no_values,no_values,no_values,no_values,no_values,no_values,no_values,no_values,no_values,no_values,no_values,no_values,no_values,no_values,no_values,no_values,no_values,no_values,no_values,no_values,"1,2","2,3",no_values,5,no_values,no_values,no_values,5,no_values,5,no_values,5,no_values,no_values,no_values,"2,3",no_values,no_values,no_values,3,no_values,"2,3",no_values,2,no_values,no_values,no_values,"<span lang=""EN-GB"">Suppose     you want to read a digital document) when you are at home with people you     know (e.g., acquaintances, colleagues).<o:p></o:p></span>"
41,33132,R_32WoczPUZet2Gwn,"1,2,3,4,5","2,4","1,2",no_values,5,no_values,"2,3",no_values,3,no_values,1,no_values,1,5,no_values,5,no_values,3,no_values,"1,2",no_values,"1,2",no_values,1,no_values,4,no_values,no_values,no_values,no_values,no_values,no_values,no_values,no_values,no_values,no_values,no_values,no_values,no_values,no_values,no_values,no_values,no_values,no_values,no_values,no_values,no_values,no_values,no_values,no_values,no_values,1,no_values,5,no_values,2,no_values,1,no_values,1,no_values,1,5,5,no_values,3,no_values,"1,2",no_values,2,no_values,5,no_values,4,no_values,no_values,no_values,no_values,no_values,no_values,no_values,no_values,no_values,no_values,no_values,no_values,no_values,no_values,no_values,no_values,no_values,no_values,no_values,no_values,no_values,no_values,no_values,no_values,no_values,"2,3",no_values,5,no_values,4,no_values,3,no_values,1,no_values,4,5,5,no_values,"1,3",no_values,2,no_values,2,no_values,5,no_values,1,no_values,no_values,no_values,no_values,no_values,no_values,no_values,no_values,no_values,no_values,no_values,no_values,no_values,no_values,no_values,no_values,no_values,no_values,no_values,no_values,no_values,no_values,no_values,no_values,no_values,no_values,no_values,no_values,no_values,no_values,no_values,no_values,no_values,no_values,no_values,no_values,no_values,no_values,no_values,no_values,no_values,no_values,no_values,no_values,no_values,no_values,no_values,no_values,no_values,1,"1,2",no_values,no_values,no_values,5,no_values,no_values,no_values,5,no_values,no_values,no_values,no_values,no_values,no_values,no_values,"1,2",no_values,no_values,no_values,2,no_values,no_values,no_values,no_values,no_values,"<span lang=""EN-GB"">Suppose you want to set up a reminder when you are at a park with close friends.<o:p></o:p></span>"
