,ResponseId,device_use,Q20,Q1,Q1_6_TEXT,Q2,Q2_4_TEXT,Q3,Q3_5_TEXT,Q4,Q4_2_TEXT,Q5,Q5_5_TEXT,Q6,Q7,Q7_4_TEXT,Q8,Q8_4_TEXT,Q9,Q9_5_TEXT,Q10,Q10_5_TEXT,Q11,Q11_4_TEXT,Q12,Q12_4_TEXT,Q13,Q13_3_TEXT,1_Q1,1_Q1_6_TEXT,1_Q2,1_Q2_4_TEXT,1_Q3,1_Q3_5_TEXT,1_Q4,1_Q4_2_TEXT,1_Q5,1_Q5_35_TEXT,1_Q6,1_Q7,1_Q8,1_Q8_4_TEXT,1_Q9,1_Q9_5_TEXT,1_Q10,1_Q10_5_TEXT,1_Q11,1_Q11_4_TEXT,1_Q12,1_Q12_4_TEXT,1_Q13,1_Q13_3_TEXT,2_Q1,2_Q1_6_TEXT,2_Q2,2_Q2_4_TEXT,2_Q3,2_Q3_5_TEXT,2_Q4,2_Q4_2_TEXT,2_Q5,2_Q5_35_TEXT,2_Q6,2_Q7,2_Q8,2_Q8_4_TEXT,2_Q9,2_Q9_5_TEXT,2_Q10,2_Q10_5_TEXT,2_Q11,2_Q11_4_TEXT,2_Q12,2_Q12_4_TEXT,2_Q13,2_Q13_3_TEXT,3_Q1,3_Q1_6_TEXT,3_Q2,3_Q2_4_TEXT,3_Q3,3_Q3_5_TEXT,3_Q4,3_Q4_2_TEXT,3_Q5,3_Q5_35_TEXT,3_Q6,3_Q7,3_Q8,3_Q8_4_TEXT,3_Q9,3_Q9_5_TEXT,3_Q10,3_Q10_5_TEXT,3_Q11,3_Q11_4_TEXT,3_Q12,3_Q12_4_TEXT,3_Q13,3_Q13_3_TEXT,4_Q1,4_Q1_6_TEXT,4_Q2,4_Q2_4_TEXT,4_Q3,4_Q3_5_TEXT,4_Q4,4_Q4_2_TEXT,4_Q5,4_Q5_35_TEXT,4_Q6,4_Q7,4_Q8,4_Q8_4_TEXT,4_Q9,4_Q9_5_TEXT,4_Q10,4_Q10_5_TEXT,4_Q11,4_Q11_4_TEXT,4_Q12,4_Q12_4_TEXT,4_Q13,4_Q13_3_TEXT,5_Q1,5_Q1_6_TEXT,5_Q2,5_Q2_4_TEXT,5_Q3,5_Q3_5_TEXT,5_Q4,5_Q4_2_TEXT,5_Q5,5_Q5_35_TEXT,5_Q6,5_Q7,5_Q8,5_Q8_4_TEXT,5_Q9,5_Q9_5_TEXT,5_Q10,5_Q10_5_TEXT,5_Q11,5_Q11_4_TEXT,5_Q12,5_Q12_4_TEXT,5_Q13,5_Q13_3_TEXT,6_Q1,6_Q1_6_TEXT,6_Q2,6_Q2_4_TEXT,6_Q3,6_Q3_5_TEXT,6_Q4,6_Q4_2_TEXT,6_Q5,6_Q5_35_TEXT,6_Q6,6_Q7,6_Q8,6_Q8_4_TEXT,6_Q9,6_Q9_5_TEXT,6_Q10,6_Q10_5_TEXT,6_Q11,6_Q11_4_TEXT,6_Q12,6_Q12_4_TEXT,6_Q13,6_Q13_3_TEXT,Q183,Q184,Q184_4_TEXT,1_Q186,1_Q186_4_TEXT,2_Q186,2_Q186_4_TEXT,3_Q186,3_Q186_4_TEXT,4_Q186,4_Q186_4_TEXT,5_Q186,5_Q186_4_TEXT,6_Q186,6_Q186_4_TEXT,1_Q185,1_Q185_5_TEXT,2_Q185,2_Q185_5_TEXT,3_Q185,3_Q185_5_TEXT,4_Q185,4_Q185_5_TEXT,5_Q185,5_Q185_5_TEXT,6_Q185,6_Q185_5_TEXT,a_checks
21,R_sOwDvheK5MyDJzb,"1,2,3,4,5,6","2,4","1,2,3",no_values,1,no_values,"1,3",no_values,1,no_values,1,no_values,3,"1,2,3",no_values,5,no_values,"1,3",no_values,3,no_values,"1,2",no_values,"1,2",no_values,1,no_values,no_values,no_values,no_values,no_values,no_values,no_values,no_values,no_values,no_values,no_values,no_values,no_values,no_values,no_values,no_values,no_values,no_values,no_values,no_values,no_values,no_values,no_values,no_values,no_values,"1,2,4",no_values,1,no_values,"2,3",no_values,1,no_values,31,no_values,3,"1,2,3",3,no_values,3,no_values,"1,3",no_values,"1,2",no_values,1,no_values,4,no_values,no_values,no_values,no_values,no_values,no_values,no_values,no_values,no_values,no_values,no_values,no_values,no_values,no_values,no_values,no_values,no_values,no_values,no_values,no_values,no_values,no_values,no_values,no_values,no_values,"2,5",no_values,1,no_values,"1,2",no_values,1,no_values,31,no_values,3,"1,2",5,no_values,3,no_values,"1,3",no_values,2,no_values,"1,3",no_values,1,no_values,no_values,no_values,no_values,no_values,no_values,no_values,no_values,no_values,no_values,no_values,no_values,no_values,no_values,no_values,no_values,no_values,no_values,no_values,no_values,no_values,no_values,no_values,no_values,no_values,no_values,no_values,no_values,no_values,no_values,no_values,no_values,no_values,no_values,no_values,no_values,no_values,no_values,no_values,no_values,no_values,no_values,no_values,no_values,no_values,no_values,no_values,no_values,no_values,3,"1,2",no_values,no_values,no_values,3,no_values,no_values,no_values,5,no_values,no_values,no_values,no_values,no_values,no_values,no_values,"1,3",no_values,no_values,no_values,"1,3",no_values,no_values,no_values,no_values,no_values,1
22,R_Zh6Hu0mpI0rTEOJ,"1,2,3,4,5",2,"2,5",no_values,1,no_values,"1,2,3",no_values,1,no_values,1,no_values,3,3,no_values,3,no_values,3,no_values,"1,3",no_values,"1,2",no_values,"1,2",no_values,1,no_values,no_values,no_values,no_values,no_values,no_values,no_values,no_values,no_values,no_values,no_values,no_values,no_values,no_values,no_values,no_values,no_values,no_values,no_values,no_values,no_values,no_values,no_values,no_values,no_values,"2,5",no_values,1,no_values,"1,2,3",no_values,1,no_values,31,no_values,3,3,3,no_values,3,no_values,3,no_values,"1,2",no_values,1,no_values,1,no_values,no_values,no_values,no_values,no_values,no_values,no_values,no_values,no_values,no_values,no_values,no_values,no_values,no_values,no_values,no_values,no_values,no_values,no_values,no_values,no_values,no_values,no_values,no_values,no_values,no_values,no_values,no_values,no_values,no_values,no_values,no_values,no_values,no_values,no_values,no_values,no_values,no_values,no_values,no_values,no_values,no_values,no_values,no_values,no_values,no_values,no_values,no_values,no_values,no_values,no_values,no_values,no_values,no_values,no_values,no_values,no_values,no_values,no_values,no_values,no_values,no_values,no_values,no_values,no_values,no_values,no_values,no_values,no_values,no_values,no_values,no_values,no_values,no_values,no_values,no_values,no_values,no_values,no_values,no_values,no_values,no_values,no_values,no_values,no_values,no_values,no_values,no_values,no_values,no_values,no_values,no_values,no_values,no_values,no_values,no_values,no_values,3,"1,2",no_values,no_values,no_values,3,no_values,no_values,no_values,no_values,no_values,no_values,no_values,no_values,no_values,no_values,no_values,3,no_values,no_values,no_values,no_values,no_values,no_values,no_values,no_values,no_values,1
23,R_22VnihC9Syc6BC2,"1,2,3,4,5,6","2,4","1,2",no_values,1,no_values,"1,2,3",no_values,1,no_values,1,no_values,3,3,no_values,3,no_values,"1,3",no_values,"1,3",no_values,2,no_values,"1,3",no_values,4,no_values,no_values,no_values,no_values,no_values,no_values,no_values,no_values,no_values,no_values,no_values,no_values,no_values,no_values,no_values,no_values,no_values,no_values,no_values,no_values,no_values,no_values,no_values,no_values,no_values,"1,2",no_values,1,no_values,2,no_values,1,no_values,31,no_values,1,"1,2,3",3,no_values,3,no_values,"1,3",no_values,"1,2",no_values,"1,3",no_values,4,no_values,no_values,no_values,no_values,no_values,no_values,no_values,no_values,no_values,no_values,no_values,no_values,no_values,no_values,no_values,no_values,no_values,no_values,no_values,no_values,no_values,no_values,no_values,no_values,no_values,2,no_values,1,no_values,"1,2,3",no_values,1,no_values,31,no_values,1,3,2,no_values,"1,2,3",no_values,"1,3",no_values,"1,2",no_values,"1,3",no_values,4,no_values,no_values,no_values,no_values,no_values,no_values,no_values,no_values,no_values,no_values,no_values,no_values,no_values,no_values,no_values,no_values,no_values,no_values,no_values,no_values,no_values,no_values,no_values,no_values,no_values,no_values,no_values,no_values,no_values,no_values,no_values,no_values,no_values,no_values,no_values,no_values,no_values,no_values,no_values,no_values,no_values,no_values,no_values,no_values,no_values,no_values,no_values,no_values,no_values,3,2,no_values,no_values,no_values,3,no_values,no_values,no_values,2,no_values,no_values,no_values,no_values,no_values,no_values,no_values,"1,3",no_values,no_values,no_values,"1,3",no_values,no_values,no_values,no_values,no_values,1
24,R_r3GG4BB6PTK0slr,"1,2,3,4,5,6","1,2,4","2,4,5",no_values,3,no_values,"1,2,3",no_values,3,no_values,1,no_values,"1,2","1,3",no_values,3,no_values,3,no_values,3,no_values,2,no_values,1,no_values,4,no_values,"2,5",no_values,1,no_values,2,no_values,3,no_values,31,no_values,3,3,3,no_values,3,no_values,3,no_values,2,no_values,"1,2",no_values,1,no_values,"2,5",no_values,1,no_values,"1,2,3",no_values,1,no_values,31,no_values,1,"1,3",3,no_values,3,no_values,3,no_values,"1,2",no_values,1,no_values,4,no_values,no_values,no_values,no_values,no_values,no_values,no_values,no_values,no_values,no_values,no_values,no_values,no_values,no_values,no_values,no_values,no_values,no_values,no_values,no_values,no_values,no_values,no_values,no_values,no_values,"2,4,5",no_values,1,no_values,2,no_values,1,no_values,31,no_values,1,3,5,no_values,3,no_values,3,no_values,2,no_values,"1,3",no_values,1,no_values,no_values,no_values,no_values,no_values,no_values,no_values,no_values,no_values,no_values,no_values,no_values,no_values,no_values,no_values,no_values,no_values,no_values,no_values,no_values,no_values,no_values,no_values,no_values,no_values,no_values,no_values,no_values,no_values,no_values,no_values,no_values,no_values,no_values,no_values,no_values,no_values,no_values,no_values,no_values,no_values,no_values,no_values,no_values,no_values,no_values,no_values,no_values,no_values,"1,2",2,no_values,3,no_values,3,no_values,no_values,no_values,5,no_values,no_values,no_values,no_values,no_values,3,no_values,3,no_values,no_values,no_values,3,no_values,no_values,no_values,no_values,no_values,1
30,R_294c0wY5O51Ckot,"1,2,4,5","2,4","1,2,5",no_values,"1,2",no_values,"1,2,3",no_values,3,no_values,"1,3",no_values,3,5,no_values,"2,3",no_values,"1,2,3",no_values,"1,3",no_values,"1,2",no_values,"1,2",no_values,4,no_values,no_values,no_values,no_values,no_values,no_values,no_values,no_values,no_values,no_values,no_values,no_values,no_values,no_values,no_values,no_values,no_values,no_values,no_values,no_values,no_values,no_values,no_values,no_values,no_values,"1,2,5",no_values,"1,2",no_values,"1,2,3",no_values,1,no_values,33,no_values,3,5,"2,3",no_values,3,no_values,3,no_values,"1,2",no_values,1,no_values,4,no_values,no_values,no_values,no_values,no_values,no_values,no_values,no_values,no_values,no_values,no_values,no_values,no_values,no_values,no_values,no_values,no_values,no_values,no_values,no_values,no_values,no_values,no_values,no_values,no_values,"2,5",no_values,"1,2",no_values,"1,2,3",no_values,3,no_values,31,no_values,3,5,"2,3",no_values,"2,3",no_values,3,no_values,2,no_values,1,no_values,4,no_values,no_values,no_values,no_values,no_values,no_values,no_values,no_values,no_values,no_values,no_values,no_values,no_values,no_values,no_values,no_values,no_values,no_values,no_values,no_values,no_values,no_values,no_values,no_values,no_values,no_values,no_values,no_values,no_values,no_values,no_values,no_values,no_values,no_values,no_values,no_values,no_values,no_values,no_values,no_values,no_values,no_values,no_values,no_values,no_values,no_values,no_values,no_values,no_values,3,"1,2",no_values,no_values,no_values,"2,3",no_values,no_values,no_values,"2,3",no_values,no_values,no_values,no_values,no_values,no_values,no_values,3,no_values,no_values,no_values,3,no_values,no_values,no_values,no_values,no_values,1
35,R_3R2czFia8WDovZ5,"1,2,3,4,5,6",2,"2,5",no_values,1,no_values,3,no_values,3,no_values,1,no_values,"1,2","2,3",no_values,"2,3",no_values,"1,3",no_values,"1,3",no_values,"1,2",no_values,1,no_values,4,no_values,no_values,no_values,no_values,no_values,no_values,no_values,no_values,no_values,no_values,no_values,no_values,no_values,no_values,no_values,no_values,no_values,no_values,no_values,no_values,no_values,no_values,no_values,no_values,no_values,"2,5",no_values,1,no_values,"1,3",no_values,3,no_values,31,no_values,3,5,"2,3",no_values,3,no_values,"1,3",no_values,"1,2",no_values,1,no_values,4,no_values,no_values,no_values,no_values,no_values,no_values,no_values,no_values,no_values,no_values,no_values,no_values,no_values,no_values,no_values,no_values,no_values,no_values,no_values,no_values,no_values,no_values,no_values,no_values,no_values,no_values,no_values,no_values,no_values,no_values,no_values,no_values,no_values,no_values,no_values,no_values,no_values,no_values,no_values,no_values,no_values,no_values,no_values,no_values,no_values,no_values,no_values,no_values,no_values,no_values,no_values,no_values,no_values,no_values,no_values,no_values,no_values,no_values,no_values,no_values,no_values,no_values,no_values,no_values,no_values,no_values,no_values,no_values,no_values,no_values,no_values,no_values,no_values,no_values,no_values,no_values,no_values,no_values,no_values,no_values,no_values,no_values,no_values,no_values,no_values,no_values,no_values,no_values,no_values,no_values,no_values,no_values,no_values,no_values,no_values,no_values,no_values,"1,2","1,2",no_values,no_values,no_values,"2,3",no_values,no_values,no_values,no_values,no_values,no_values,no_values,no_values,no_values,no_values,no_values,"1,3",no_values,no_values,no_values,no_values,no_values,no_values,no_values,no_values,no_values,1
40,R_D6TWU81opedQx8Z,"1,2,3,4,5,6","2,4,5","1,2,4",no_values,5,no_values,"1,2,3,4",no_values,3,no_values,"3,4",no_values,"2,3","1,3",no_values,"1,2,3",no_values,"1,2,3,4",no_values,"2,4",no_values,"2,3",no_values,5,no_values,2,no_values,no_values,no_values,no_values,no_values,no_values,no_values,no_values,no_values,no_values,no_values,no_values,no_values,no_values,no_values,no_values,no_values,no_values,no_values,no_values,no_values,no_values,no_values,no_values,no_values,"1,2,5",no_values,5,no_values,"1,2",no_values,1,no_values,31,no_values,3,5,3,no_values,3,no_values,3,no_values,2,no_values,5,no_values,4,no_values,no_values,no_values,no_values,no_values,no_values,no_values,no_values,no_values,no_values,no_values,no_values,no_values,no_values,no_values,no_values,no_values,no_values,no_values,no_values,no_values,no_values,no_values,no_values,no_values,"2,5",no_values,5,no_values,2,no_values,3,no_values,31,no_values,3,3,3,no_values,3,no_values,3,no_values,2,no_values,5,no_values,4,no_values,1,no_values,2,no_values,4,no_values,3,no_values,34,no_values,2,5,"1,2,3",no_values,4,no_values,"2,4",no_values,3,no_values,5,no_values,4,no_values,no_values,no_values,no_values,no_values,no_values,no_values,no_values,no_values,no_values,no_values,no_values,no_values,no_values,no_values,no_values,no_values,no_values,no_values,no_values,no_values,no_values,no_values,no_values,no_values,"2,3","2,3",no_values,no_values,no_values,3,no_values,no_values,no_values,3,no_values,"1,2,3",no_values,no_values,no_values,no_values,no_values,3,no_values,no_values,no_values,3,no_values,"2,4",no_values,no_values,no_values,1
44,R_1qgn8fonNDVpfVu,"1,2,3,4,5,6","2,4",2,no_values,3,no_values,2,no_values,1,no_values,1,no_values,3,5,no_values,"2,3",no_values,3,no_values,3,no_values,2,no_values,5,no_values,4,no_values,no_values,no_values,no_values,no_values,no_values,no_values,no_values,no_values,no_values,no_values,no_values,no_values,no_values,no_values,no_values,no_values,no_values,no_values,no_values,no_values,no_values,no_values,no_values,no_values,"2,5",no_values,3,no_values,2,no_values,1,no_values,31,no_values,3,5,2,no_values,"1,3",no_values,"1,3",no_values,2,no_values,1,no_values,1,no_values,no_values,no_values,no_values,no_values,no_values,no_values,no_values,no_values,no_values,no_values,no_values,no_values,no_values,no_values,no_values,no_values,no_values,no_values,no_values,no_values,no_values,no_values,no_values,no_values,"2,5",no_values,1,no_values,"1,2",no_values,1,no_values,31,no_values,3,5,2,no_values,"1,3",no_values,3,no_values,2,no_values,1,no_values,1,no_values,no_values,no_values,no_values,no_values,no_values,no_values,no_values,no_values,no_values,no_values,no_values,no_values,no_values,no_values,no_values,no_values,no_values,no_values,no_values,no_values,no_values,no_values,no_values,no_values,no_values,no_values,no_values,no_values,no_values,no_values,no_values,no_values,no_values,no_values,no_values,no_values,no_values,no_values,no_values,no_values,no_values,no_values,no_values,no_values,no_values,no_values,no_values,no_values,3,2,no_values,no_values,no_values,2,no_values,no_values,no_values,2,no_values,no_values,no_values,no_values,no_values,no_values,no_values,"1,3",no_values,no_values,no_values,3,no_values,no_values,no_values,no_values,no_values,1
45,R_3KOT4GUJ5Jpt4jj,"1,2,3,4,5,6",3,"2,5",no_values,5,no_values,"1,2",no_values,3,no_values,1,no_values,3,"1,2,3",no_values,2,no_values,3,no_values,"3,4",no_values,"1,2",no_values,5,no_values,4,no_values,no_values,no_values,no_values,no_values,no_values,no_values,no_values,no_values,no_values,no_values,no_values,no_values,no_values,no_values,no_values,no_values,no_values,no_values,no_values,no_values,no_values,no_values,no_values,no_values,no_values,no_values,no_values,no_values,no_values,no_values,no_values,no_values,no_values,no_values,no_values,no_values,no_values,no_values,no_values,no_values,no_values,no_values,no_values,no_values,no_values,no_values,no_values,no_values,4,no_values,5,no_values,"2,3",no_values,3,no_values,31,no_values,3,"1,2,3",2,no_values,3,no_values,"3,4",no_values,2,no_values,5,no_values,4,no_values,no_values,no_values,no_values,no_values,no_values,no_values,no_values,no_values,no_values,no_values,no_values,no_values,no_values,no_values,no_values,no_values,no_values,no_values,no_values,no_values,no_values,no_values,no_values,no_values,no_values,no_values,no_values,no_values,no_values,no_values,no_values,no_values,no_values,no_values,no_values,no_values,no_values,no_values,no_values,no_values,no_values,no_values,no_values,no_values,no_values,no_values,no_values,no_values,no_values,no_values,no_values,no_values,no_values,no_values,no_values,no_values,no_values,no_values,no_values,no_values,no_values,no_values,no_values,no_values,no_values,no_values,no_values,no_values,no_values,no_values,no_values,no_values,3,"1,2",no_values,no_values,no_values,no_values,no_values,2,no_values,no_values,no_values,no_values,no_values,no_values,no_values,no_values,no_values,no_values,no_values,"3,4",no_values,no_values,no_values,no_values,no_values,no_values,no_values,1
47,R_Og5HqRu6uLDSmaZ,"1,2,4,5,6","2,5,6","1,2",no_values,5,no_values,"3,4",no_values,3,no_values,1,no_values,3,5,no_values,1,no_values,"3,4",no_values,"1,2,3",no_values,"2,3",no_values,5,no_values,4,no_values,no_values,no_values,no_values,no_values,no_values,no_values,no_values,no_values,no_values,no_values,no_values,no_values,no_values,no_values,no_values,no_values,no_values,no_values,no_values,no_values,no_values,no_values,no_values,no_values,"2,5",no_values,5,no_values,"1,2,3",no_values,1,no_values,31,no_values,1,5,2,no_values,3,no_values,"1,2,3",no_values,2,no_values,5,no_values,4,no_values,no_values,no_values,no_values,no_values,no_values,no_values,no_values,no_values,no_values,no_values,no_values,no_values,no_values,no_values,no_values,no_values,no_values,no_values,no_values,no_values,no_values,no_values,no_values,no_values,no_values,no_values,no_values,no_values,no_values,no_values,no_values,no_values,no_values,no_values,no_values,no_values,no_values,no_values,no_values,no_values,no_values,no_values,no_values,no_values,no_values,no_values,no_values,no_values,1,no_values,5,no_values,4,no_values,3,no_values,31,no_values,1,5,2,no_values,4,no_values,"2,4",no_values,3,no_values,5,no_values,4,no_values,"1,2",no_values,5,no_values,2,no_values,1,no_values,31,no_values,3,5,5,no_values,"1,3",no_values,"1,2,3,4",no_values,2,no_values,5,no_values,4,no_values,3,"2,3",no_values,no_values,no_values,2,no_values,no_values,no_values,no_values,no_values,2,no_values,5,no_values,no_values,no_values,"1,2,3",no_values,no_values,no_values,no_values,no_values,"2,4",no_values,"1,2,3,4",no_values,1
55,R_1KiJ47vnQJg9vvN,"1,2,3,4,5,6",2,"2,5",no_values,1,no_values,1,no_values,3,no_values,7,no_values,"2,3",3,no_values,2,no_values,"1,3",no_values,3,no_values,5,no_values,5,no_values,1,no_values,no_values,no_values,no_values,no_values,no_values,no_values,no_values,no_values,no_values,no_values,no_values,no_values,no_values,no_values,no_values,no_values,no_values,no_values,no_values,no_values,no_values,no_values,no_values,no_values,"2,5",no_values,1,no_values,"1,2",no_values,1,no_values,37,no_values,3,"1,2",2,no_values,3,no_values,3,no_values,2,no_values,5,no_values,4,no_values,no_values,no_values,no_values,no_values,no_values,no_values,no_values,no_values,no_values,no_values,no_values,no_values,no_values,no_values,no_values,no_values,no_values,no_values,no_values,no_values,no_values,no_values,no_values,no_values,no_values,no_values,no_values,no_values,no_values,no_values,no_values,no_values,no_values,no_values,no_values,no_values,no_values,no_values,no_values,no_values,no_values,no_values,no_values,no_values,no_values,no_values,no_values,no_values,no_values,no_values,no_values,no_values,no_values,no_values,no_values,no_values,no_values,no_values,no_values,no_values,no_values,no_values,no_values,no_values,no_values,no_values,no_values,no_values,no_values,no_values,no_values,no_values,no_values,no_values,no_values,no_values,no_values,no_values,no_values,no_values,no_values,no_values,no_values,no_values,no_values,no_values,no_values,no_values,no_values,no_values,no_values,no_values,no_values,no_values,no_values,no_values,"2,3",5,no_values,no_values,no_values,2,no_values,no_values,no_values,no_values,no_values,no_values,no_values,no_values,no_values,no_values,no_values,3,no_values,no_values,no_values,no_values,no_values,no_values,no_values,no_values,no_values,1
59,R_3qdNLXI6jo8XEDQ,"1,2,4","2,4","2,5",no_values,1,no_values,"1,2,3",no_values,1,no_values,7,no_values,3,5,no_values,"2,3",no_values,3,no_values,3,no_values,"1,2",no_values,5,no_values,1,no_values,no_values,no_values,no_values,no_values,no_values,no_values,no_values,no_values,no_values,no_values,no_values,no_values,no_values,no_values,no_values,no_values,no_values,no_values,no_values,no_values,no_values,no_values,no_values,no_values,"2,5",no_values,1,no_values,"1,2,3",no_values,1,no_values,31,no_values,3,5,2,no_values,3,no_values,3,no_values,2,no_values,1,no_values,1,no_values,no_values,no_values,no_values,no_values,no_values,no_values,no_values,no_values,no_values,no_values,no_values,no_values,no_values,no_values,no_values,no_values,no_values,no_values,no_values,no_values,no_values,no_values,no_values,no_values,"2,5",no_values,1,no_values,"1,2",no_values,1,no_values,31,no_values,3,5,2,no_values,3,no_values,3,no_values,2,no_values,5,no_values,1,no_values,no_values,no_values,no_values,no_values,no_values,no_values,no_values,no_values,no_values,no_values,no_values,no_values,no_values,no_values,no_values,no_values,no_values,no_values,no_values,no_values,no_values,no_values,no_values,no_values,no_values,no_values,no_values,no_values,no_values,no_values,no_values,no_values,no_values,no_values,no_values,no_values,no_values,no_values,no_values,no_values,no_values,no_values,no_values,no_values,no_values,no_values,no_values,no_values,3,"1,2",no_values,no_values,no_values,2,no_values,no_values,no_values,2,no_values,no_values,no_values,no_values,no_values,no_values,no_values,3,no_values,no_values,no_values,3,no_values,no_values,no_values,no_values,no_values,1
70,R_Z4bWr3CviU81sit,"1,2,3,4,5,6",2,"2,5",no_values,5,no_values,"1,2,3",no_values,1,no_values,1,no_values,3,5,no_values,"2,3",no_values,3,no_values,"1,2",no_values,2,no_values,5,no_values,1,no_values,no_values,no_values,no_values,no_values,no_values,no_values,no_values,no_values,no_values,no_values,no_values,no_values,no_values,no_values,no_values,no_values,no_values,no_values,no_values,no_values,no_values,no_values,no_values,no_values,"1,2",no_values,5,no_values,"1,3,4",no_values,1,no_values,31,no_values,3,5,"2,3",no_values,3,no_values,"1,2,3",no_values,2,no_values,1,no_values,1,no_values,no_values,no_values,no_values,no_values,no_values,no_values,no_values,no_values,no_values,no_values,no_values,no_values,no_values,no_values,no_values,no_values,no_values,no_values,no_values,no_values,no_values,no_values,no_values,no_values,no_values,no_values,no_values,no_values,no_values,no_values,no_values,no_values,no_values,no_values,no_values,no_values,no_values,no_values,no_values,no_values,no_values,no_values,no_values,no_values,no_values,no_values,no_values,no_values,no_values,no_values,no_values,no_values,no_values,no_values,no_values,no_values,no_values,no_values,no_values,no_values,no_values,no_values,no_values,no_values,no_values,no_values,no_values,no_values,no_values,no_values,no_values,no_values,no_values,no_values,no_values,no_values,no_values,no_values,no_values,no_values,no_values,no_values,no_values,no_values,no_values,no_values,no_values,no_values,no_values,no_values,no_values,no_values,no_values,no_values,no_values,no_values,3,2,no_values,no_values,no_values,"2,3",no_values,no_values,no_values,no_values,no_values,no_values,no_values,no_values,no_values,no_values,no_values,"1,2,3",no_values,no_values,no_values,no_values,no_values,no_values,no_values,no_values,no_values,1
71,R_2qmTO2l6egv3qBO,"1,2,3,4,5,6","2,6",2,no_values,5,no_values,3,no_values,3,no_values,1,no_values,1,1,no_values,5,no_values,3,no_values,3,no_values,2,no_values,5,no_values,4,no_values,no_values,no_values,no_values,no_values,no_values,no_values,no_values,no_values,no_values,no_values,no_values,no_values,no_values,no_values,no_values,no_values,no_values,no_values,no_values,no_values,no_values,no_values,no_values,no_values,"2,5",no_values,5,no_values,"1,2,3",no_values,1,no_values,31,no_values,3,5,5,no_values,3,no_values,"1,3",no_values,2,no_values,1,no_values,4,no_values,no_values,no_values,no_values,no_values,no_values,no_values,no_values,no_values,no_values,no_values,no_values,no_values,no_values,no_values,no_values,no_values,no_values,no_values,no_values,no_values,no_values,no_values,no_values,no_values,no_values,no_values,no_values,no_values,no_values,no_values,no_values,no_values,no_values,no_values,no_values,no_values,no_values,no_values,no_values,no_values,no_values,no_values,no_values,no_values,no_values,no_values,no_values,no_values,no_values,no_values,no_values,no_values,no_values,no_values,no_values,no_values,no_values,no_values,no_values,no_values,no_values,no_values,no_values,no_values,no_values,no_values,no_values,no_values,no_values,no_values,no_values,no_values,"2,5",no_values,5,no_values,"2,3",no_values,1,no_values,31,no_values,3,2,"2,3",no_values,3,no_values,"1,3,4",no_values,"1,2",no_values,1,no_values,4,no_values,1,2,no_values,no_values,no_values,5,no_values,no_values,no_values,no_values,no_values,no_values,no_values,"2,3",no_values,no_values,no_values,"1,3",no_values,no_values,no_values,no_values,no_values,no_values,no_values,"1,3,4",no_values,1
92,R_eL3YFLAtRuS2sM1,"1,2,4",1,"2,4,5",no_values,3,no_values,"1,2,3",no_values,3,no_values,1,no_values,3,"1,2,3",no_values,5,no_values,3,no_values,3,no_values,2,no_values,3,no_values,1,no_values,4,no_values,3,no_values,"1,2,3",no_values,3,no_values,31,no_values,3,5,5,no_values,3,no_values,3,no_values,2,no_values,1,no_values,1,no_values,no_values,no_values,no_values,no_values,no_values,no_values,no_values,no_values,no_values,no_values,no_values,no_values,no_values,no_values,no_values,no_values,no_values,no_values,no_values,no_values,no_values,no_values,no_values,no_values,no_values,no_values,no_values,no_values,no_values,no_values,no_values,no_values,no_values,no_values,no_values,no_values,no_values,no_values,no_values,no_values,no_values,no_values,no_values,no_values,no_values,no_values,no_values,no_values,no_values,no_values,no_values,no_values,no_values,no_values,no_values,no_values,no_values,no_values,no_values,no_values,no_values,no_values,no_values,no_values,no_values,no_values,no_values,no_values,no_values,no_values,no_values,no_values,no_values,no_values,no_values,no_values,no_values,no_values,no_values,no_values,no_values,no_values,no_values,no_values,no_values,no_values,no_values,no_values,no_values,no_values,no_values,no_values,no_values,no_values,no_values,no_values,no_values,no_values,no_values,no_values,no_values,no_values,no_values,no_values,no_values,no_values,no_values,no_values,no_values,no_values,no_values,no_values,no_values,no_values,no_values,no_values,no_values,no_values,no_values,no_values,3,2,no_values,5,no_values,no_values,no_values,no_values,no_values,no_values,no_values,no_values,no_values,no_values,no_values,3,no_values,no_values,no_values,no_values,no_values,no_values,no_values,no_values,no_values,no_values,no_values,1
101,R_331nXs70lsz8m3C,"2,4,5,6",2,"1,2,5",no_values,3,no_values,"2,3,4",no_values,3,no_values,7,no_values,3,5,no_values,"2,3",no_values,3,no_values,"2,4",no_values,"1,2",no_values,1,no_values,1,no_values,no_values,no_values,no_values,no_values,no_values,no_values,no_values,no_values,no_values,no_values,no_values,no_values,no_values,no_values,no_values,no_values,no_values,no_values,no_values,no_values,no_values,no_values,no_values,no_values,"1,2,5",no_values,3,no_values,"1,2,3",no_values,1,no_values,37,no_values,3,5,"2,3",no_values,3,no_values,3,no_values,"1,2",no_values,1,no_values,1,no_values,no_values,no_values,no_values,no_values,no_values,no_values,no_values,no_values,no_values,no_values,no_values,no_values,no_values,no_values,no_values,no_values,no_values,no_values,no_values,no_values,no_values,no_values,no_values,no_values,no_values,no_values,no_values,no_values,no_values,no_values,no_values,no_values,no_values,no_values,no_values,no_values,no_values,no_values,no_values,no_values,no_values,no_values,no_values,no_values,no_values,no_values,no_values,no_values,no_values,no_values,no_values,no_values,no_values,no_values,no_values,no_values,no_values,no_values,no_values,no_values,no_values,no_values,no_values,no_values,no_values,no_values,no_values,no_values,no_values,no_values,no_values,no_values,no_values,no_values,no_values,no_values,no_values,no_values,no_values,no_values,no_values,no_values,no_values,no_values,no_values,no_values,no_values,no_values,no_values,no_values,no_values,no_values,no_values,no_values,no_values,no_values,3,"1,2",no_values,no_values,no_values,"2,3",no_values,no_values,no_values,no_values,no_values,no_values,no_values,no_values,no_values,no_values,no_values,3,no_values,no_values,no_values,no_values,no_values,no_values,no_values,no_values,no_values,1
103,R_1eLZFCqyp8mWxX8,"2,5,6",2,2,no_values,5,no_values,"1,2,3",no_values,1,no_values,1,no_values,3,2,no_values,5,no_values,3,no_values,"1,3",no_values,2,no_values,1,no_values,1,no_values,no_values,no_values,no_values,no_values,no_values,no_values,no_values,no_values,no_values,no_values,no_values,no_values,no_values,no_values,no_values,no_values,no_values,no_values,no_values,no_values,no_values,no_values,no_values,no_values,2,no_values,5,no_values,"1,2,3",no_values,1,no_values,31,no_values,3,"1,2,3",5,no_values,3,no_values,"1,3",no_values,2,no_values,1,no_values,1,no_values,no_values,no_values,no_values,no_values,no_values,no_values,no_values,no_values,no_values,no_values,no_values,no_values,no_values,no_values,no_values,no_values,no_values,no_values,no_values,no_values,no_values,no_values,no_values,no_values,no_values,no_values,no_values,no_values,no_values,no_values,no_values,no_values,no_values,no_values,no_values,no_values,no_values,no_values,no_values,no_values,no_values,no_values,no_values,no_values,no_values,no_values,no_values,no_values,no_values,no_values,no_values,no_values,no_values,no_values,no_values,no_values,no_values,no_values,no_values,no_values,no_values,no_values,no_values,no_values,no_values,no_values,no_values,no_values,no_values,no_values,no_values,no_values,no_values,no_values,no_values,no_values,no_values,no_values,no_values,no_values,no_values,no_values,no_values,no_values,no_values,no_values,no_values,no_values,no_values,no_values,no_values,no_values,no_values,no_values,no_values,no_values,3,2,no_values,no_values,no_values,5,no_values,no_values,no_values,no_values,no_values,no_values,no_values,no_values,no_values,no_values,no_values,"1,3",no_values,no_values,no_values,no_values,no_values,no_values,no_values,no_values,no_values,1
107,R_rcfhxMWX7qcW89z,"1,2,3,4,5","2,5","1,2,5",no_values,3,no_values,"2,3",no_values,3,no_values,1,no_values,3,5,no_values,5,no_values,"3,4",no_values,"1,2,3",no_values,"2,3",no_values,5,no_values,4,no_values,no_values,no_values,no_values,no_values,no_values,no_values,no_values,no_values,no_values,no_values,no_values,no_values,no_values,no_values,no_values,no_values,no_values,no_values,no_values,no_values,no_values,no_values,no_values,no_values,"2,5",no_values,5,no_values,"1,2",no_values,1,no_values,31,no_values,"2,3",1,5,no_values,3,no_values,"1,3",no_values,2,no_values,5,no_values,4,no_values,no_values,no_values,no_values,no_values,no_values,no_values,no_values,no_values,no_values,no_values,no_values,no_values,no_values,no_values,no_values,no_values,no_values,no_values,no_values,no_values,no_values,no_values,no_values,no_values,no_values,no_values,no_values,no_values,no_values,no_values,no_values,no_values,no_values,no_values,no_values,no_values,no_values,no_values,no_values,no_values,no_values,no_values,no_values,no_values,no_values,no_values,no_values,no_values,1,no_values,5,no_values,"2,4",no_values,3,no_values,31,no_values,3,1,2,no_values,4,no_values,"2,4",no_values,3,no_values,5,no_values,4,no_values,no_values,no_values,no_values,no_values,no_values,no_values,no_values,no_values,no_values,no_values,no_values,no_values,no_values,no_values,no_values,no_values,no_values,no_values,no_values,no_values,no_values,no_values,no_values,no_values,3,"2,3",no_values,no_values,no_values,5,no_values,no_values,no_values,no_values,no_values,2,no_values,no_values,no_values,no_values,no_values,"1,3",no_values,no_values,no_values,no_values,no_values,"2,4",no_values,no_values,no_values,1
108,R_23V1PpwMMQo8mBJ,"1,2,5",1,"1,2,5",no_values,1,no_values,"2,3,4",no_values,3,no_values,1,no_values,3,5,no_values,"2,3",no_values,3,no_values,6,no_values,"1,2",no_values,1,no_values,1,no_values,"2,4",no_values,1,no_values,"1,2,3,4",no_values,3,no_values,31,no_values,3,5,"2,3",no_values,3,no_values,3,no_values,"1,2",no_values,1,no_values,"1,2",no_values,no_values,no_values,no_values,no_values,no_values,no_values,no_values,no_values,no_values,no_values,no_values,no_values,no_values,no_values,no_values,no_values,no_values,no_values,no_values,no_values,no_values,no_values,no_values,no_values,no_values,no_values,no_values,no_values,no_values,no_values,no_values,no_values,no_values,no_values,no_values,no_values,no_values,no_values,no_values,no_values,no_values,no_values,no_values,no_values,no_values,no_values,no_values,no_values,no_values,no_values,no_values,no_values,no_values,no_values,no_values,no_values,no_values,no_values,no_values,no_values,no_values,no_values,no_values,no_values,no_values,no_values,no_values,no_values,no_values,no_values,no_values,no_values,no_values,no_values,no_values,no_values,no_values,no_values,no_values,no_values,no_values,no_values,no_values,no_values,no_values,no_values,no_values,no_values,no_values,no_values,no_values,no_values,no_values,no_values,no_values,no_values,no_values,no_values,no_values,no_values,no_values,no_values,no_values,no_values,no_values,no_values,no_values,no_values,no_values,no_values,no_values,no_values,no_values,no_values,no_values,no_values,no_values,no_values,no_values,no_values,3,"1,2",no_values,"2,3",no_values,no_values,no_values,no_values,no_values,no_values,no_values,no_values,no_values,no_values,no_values,3,no_values,no_values,no_values,no_values,no_values,no_values,no_values,no_values,no_values,no_values,no_values,1
109,R_2P0XozVRw6OLUv6,"1,2,3,4,5,6",6,"1,2",no_values,5,no_values,"1,3",no_values,1,no_values,3,no_values,1,5,no_values,"2,3",no_values,"1,2,3,4",no_values,"1,2,3,4",no_values,"1,2",no_values,1,no_values,1,no_values,no_values,no_values,no_values,no_values,no_values,no_values,no_values,no_values,no_values,no_values,no_values,no_values,no_values,no_values,no_values,no_values,no_values,no_values,no_values,no_values,no_values,no_values,no_values,no_values,no_values,no_values,no_values,no_values,no_values,no_values,no_values,no_values,no_values,no_values,no_values,no_values,no_values,no_values,no_values,no_values,no_values,no_values,no_values,no_values,no_values,no_values,no_values,no_values,no_values,no_values,no_values,no_values,no_values,no_values,no_values,no_values,no_values,no_values,no_values,no_values,no_values,no_values,no_values,no_values,no_values,no_values,no_values,no_values,no_values,no_values,no_values,no_values,no_values,no_values,no_values,no_values,no_values,no_values,no_values,no_values,no_values,no_values,no_values,no_values,no_values,no_values,no_values,no_values,no_values,no_values,no_values,no_values,no_values,no_values,no_values,no_values,no_values,no_values,no_values,no_values,no_values,no_values,no_values,no_values,no_values,no_values,no_values,no_values,no_values,no_values,no_values,no_values,no_values,no_values,no_values,no_values,no_values,no_values,no_values,no_values,2,no_values,3,no_values,"3,4",no_values,1,no_values,33,no_values,1,5,"2,3",no_values,"2,3,4",no_values,"1,2,3,4",no_values,"1,2",no_values,"1,3",no_values,1,no_values,1,"1,2",no_values,no_values,no_values,no_values,no_values,no_values,no_values,no_values,no_values,no_values,no_values,"2,3",no_values,no_values,no_values,no_values,no_values,no_values,no_values,no_values,no_values,no_values,no_values,"1,2,3,4",no_values,1
110,R_3nwNySHdhJhHWpi,"1,2,3",2,"2,5",no_values,3,no_values,"1,2,3",no_values,3,no_values,7,no_values,3,5,no_values,5,no_values,3,no_values,3,no_values,2,no_values,5,no_values,4,no_values,no_values,no_values,no_values,no_values,no_values,no_values,no_values,no_values,no_values,no_values,no_values,no_values,no_values,no_values,no_values,no_values,no_values,no_values,no_values,no_values,no_values,no_values,no_values,no_values,5,no_values,5,no_values,3,no_values,3,no_values,31,no_values,3,5,2,no_values,3,no_values,3,no_values,2,no_values,1,no_values,4,no_values,no_values,no_values,no_values,no_values,no_values,no_values,no_values,no_values,no_values,no_values,no_values,no_values,no_values,no_values,no_values,no_values,no_values,no_values,no_values,no_values,no_values,no_values,no_values,no_values,no_values,no_values,no_values,no_values,no_values,no_values,no_values,no_values,no_values,no_values,no_values,no_values,no_values,no_values,no_values,no_values,no_values,no_values,no_values,no_values,no_values,no_values,no_values,no_values,no_values,no_values,no_values,no_values,no_values,no_values,no_values,no_values,no_values,no_values,no_values,no_values,no_values,no_values,no_values,no_values,no_values,no_values,no_values,no_values,no_values,no_values,no_values,no_values,no_values,no_values,no_values,no_values,no_values,no_values,no_values,no_values,no_values,no_values,no_values,no_values,no_values,no_values,no_values,no_values,no_values,no_values,no_values,no_values,no_values,no_values,no_values,no_values,3,2,no_values,no_values,no_values,2,no_values,no_values,no_values,no_values,no_values,no_values,no_values,no_values,no_values,no_values,no_values,3,no_values,no_values,no_values,no_values,no_values,no_values,no_values,no_values,no_values,1
