,ResponseId,Q1_feat1,Q1_feat2,Q1_feat3,Q1_feat4,Q1_feat5,Q1_feat7,Q2_feat1,Q2_feat2,Q2_feat3,Q2_feat5,Q3_feat1,Q3_feat2,Q3_feat3,Q3_feat4,Q3_feat6,Q4_feat1,Q4_feat3,Q5_feat1,Q5_feat2,Q5_feat3,Q5_feat4,Q5_feat6,Q6_feat1,Q6_feat2,Q6_feat3,Q6_feat4,Q7_feat1,Q7_feat2,Q7_feat3,Q7_feat5,Q8_feat1,Q8_feat2,Q8_feat3,Q8_feat5,Q9_feat1,Q9_feat2,Q9_feat3,Q9_feat4,Q9_feat6,Q10_feat1,Q10_feat2,Q10_feat3,Q10_feat4,Q10_feat6,Q10_feat7,Q11_feat1,Q11_feat2,Q11_feat3,Q11_feat5,Q12_feat1,Q12_feat2,Q12_feat3,Q12_feat5,Q13_feat1,Q13_feat2,Q13_feat4,Laptop_Q1_feat1,Laptop_Q1_feat2,Laptop_Q1_feat3,Laptop_Q1_feat4,Laptop_Q1_feat5,Laptop_Q1_feat7,Laptop_Q2_feat1,Laptop_Q2_feat2,Laptop_Q2_feat3,Laptop_Q2_feat5,Laptop_Q3_feat1,Laptop_Q3_feat2,Laptop_Q3_feat3,Laptop_Q3_feat4,Laptop_Q3_feat6,Laptop_Q4_feat1,Laptop_Q4_feat3,Laptop_Q5_feat1,Laptop_Q5_feat2,Laptop_Q5_feat3,Laptop_Q5_feat4,Laptop_Q5_feat6,Laptop_Q6_feat1,Laptop_Q6_feat2,Laptop_Q6_feat3,Laptop_Q6_feat4,Laptop_Q7_feat1,Laptop_Q7_feat2,Laptop_Q7_feat3,Laptop_Q7_feat5,Laptop_Q8_feat1,Laptop_Q8_feat2,Laptop_Q8_feat3,Laptop_Q8_feat5,Laptop_Q9_feat1,Laptop_Q9_feat2,Laptop_Q9_feat3,Laptop_Q9_feat4,Laptop_Q9_feat6,Laptop_Q10_feat1,Laptop_Q10_feat2,Laptop_Q10_feat3,Laptop_Q10_feat4,Laptop_Q10_feat6,Laptop_Q10_feat7,Laptop_Q11_feat1,Laptop_Q11_feat2,Laptop_Q11_feat3,Laptop_Q11_feat5,Laptop_Q12_feat1,Laptop_Q12_feat2,Laptop_Q12_feat3,Laptop_Q12_feat5,Laptop_Q13_feat1,Laptop_Q13_feat2,Laptop_Q13_feat4,device_use,Q20,actual_use,scenario,raw_scenario,Location,Relationship,org_scenaio,location_1,location_2,location_3,Relationship_1,Relationship_2,Relationship_3
0,R_1JDBnTx3BSZsKDp,0,1,0,0,0,0,1,0,0,0,0,0,1,0,0,1,0,1,0,0,0,0,0,1,0,0,0,1,0,0,0,1,0,0,0,1,0,0,0,0,0,1,0,0,0,0,1,0,0,1,0,0,0,1,0,0,0,0,0,0,0,0,0,0,0,0,0,0,0,0,0,0,0,0,0,0,0,0,0,0,0,0,0,0,0,0,0,0,0,0,0,0,0,0,0,0,0,0,0,0,0,0,0,0,0,0,0,0,0,0,0,0,"1,2,3,4",2,0,"Suppose you want to control some devices/appliances (e.g., smart lights) when you are at home with people you are close to (e.g., friends, family members)","Supposeyouwanttocontrolsomedevices/appliances(e.g.,smartlights)whenyouareathomewithpeopleyouarecloseto(e.g.,friends,familymembers)",1,2,"Suppose you want to control some devices/appliances (e.g., smart lights) when you are at home with people you are close to (e.g., friends, family members)",1,0,0,0,1,0
1,R_1NytI6yNmYD0wr7,1,1,0,1,1,0,1,1,1,0,1,1,1,1,0,1,0,1,0,0,0,0,1,1,1,0,1,1,1,0,1,1,1,0,1,1,1,1,0,1,1,0,1,0,0,1,1,1,0,1,1,1,0,1,1,0,0,0,0,0,0,0,0,0,0,0,0,0,0,0,0,0,0,0,0,0,0,0,0,0,0,0,0,0,0,0,0,0,0,0,0,0,0,0,0,0,0,0,0,0,0,0,0,0,0,0,0,0,0,0,0,0,"1,2,3,4",2,0,"Suppose you want to control some devices/appliances (e.g., smart lights) when you are at home with people you are close to (e.g., friends, family members)","Supposeyouwanttocontrolsomedevices/appliances(e.g.,smartlights)whenyouareathomewithpeopleyouarecloseto(e.g.,friends,familymembers)",1,2,"Suppose you want to control some devices/appliances (e.g., smart lights) when you are at home with people you are close to (e.g., friends, family members)",1,0,0,0,1,0
2,R_cUgnBBdCxDi0QRX,1,1,1,1,1,0,1,1,1,0,1,1,1,1,0,1,0,1,1,1,1,0,1,1,1,0,1,1,1,0,1,1,1,0,1,1,1,1,0,1,1,1,1,0,0,1,1,1,0,1,1,1,0,1,1,0,0,0,0,0,0,0,0,0,0,0,0,0,0,0,0,0,0,0,0,0,0,0,0,0,0,0,0,0,0,0,0,0,0,0,0,0,0,0,0,0,0,0,0,0,0,0,0,0,0,0,0,0,0,0,0,0,"1,2,3,4",2,0,"Suppose you want to a view a text message when you with people you know (e.g., acquaintances, colleagues) at a street.","Supposeyouwanttoaviewatextmessagewhenyouwithpeopleyouknow(e.g.,acquaintances,colleagues)atastreet.",3,3,"Suppose you want to a view a text message when you with people you know (e.g., acquaintances, colleagues) at a street.",0,0,1,0,0,1
3,R_vohGi0WIyzuOEKJ,1,1,0,0,1,0,1,1,0,0,1,1,0,0,0,1,0,1,0,0,0,0,0,0,1,0,1,0,0,0,1,0,0,0,0,1,1,1,0,0,1,1,0,0,0,1,0,0,0,0,0,1,0,1,1,0,0,0,0,0,0,0,0,0,0,0,0,0,0,0,0,0,0,0,0,0,0,0,0,0,0,0,0,0,0,0,0,0,0,0,0,0,0,0,0,0,0,0,0,0,0,0,0,0,0,0,0,0,0,0,0,0,"1,2,5",2,0,Suppose you want to find a route to a coffee shop when you are alone at home.,Supposeyouwanttofindaroutetoacoffeeshopwhenyouarealoneathome.,1,1,Suppose you want to find a route to a coffee shop when you are alone at home.,1,0,0,1,0,0
4,R_R372Q2GFsgGQoHn,0,1,0,0,0,0,1,0,0,0,1,0,0,0,0,1,0,1,0,0,0,0,1,0,0,0,1,0,0,0,1,0,0,0,1,0,0,0,0,0,0,1,0,0,0,1,0,0,0,1,0,0,0,0,1,0,0,0,0,0,0,0,0,0,0,0,0,0,0,0,0,0,0,0,0,0,0,0,0,0,0,0,0,0,0,0,0,0,0,0,0,0,0,0,0,0,0,0,0,0,0,0,0,0,0,0,0,0,0,0,0,0,"1,2,4,6",2,0,Suppose you want to find a route to home while walking on a street.,Supposeyouwanttofindaroutetohomewhilewalkingonastreet.,3,1,Suppose you want to find a route to home while walking on a street.,0,0,1,1,0,0
5,R_1lAn0LVvgO1xCiM,0,0,0,0,0,1,1,0,0,0,1,1,1,0,0,0,1,1,0,0,0,0,1,1,0,0,0,0,0,1,0,0,0,1,0,0,1,0,0,0,1,1,0,0,0,1,1,0,0,1,0,0,0,0,0,1,0,0,0,0,1,0,1,0,0,0,0,1,1,0,0,1,0,1,0,0,0,0,1,0,0,0,0,1,0,0,0,0,0,1,0,0,1,1,0,0,1,1,0,0,0,1,1,0,0,1,0,1,0,1,0,0,"1,2,4,5,6","1,4,6",1,Suppose you want to watch some video when you are alone at your home.,Supposeyouwanttowatchsomevideowhenyouarealoneatyourhome.,1,1,Suppose you want to watch some video when you are alone at your home.,1,0,0,1,0,0
6,R_vp3ZmoqRi092FOx,0,0,0,0,0,1,1,0,0,0,0,1,1,0,0,1,0,1,0,0,0,0,1,0,0,0,0,0,0,1,0,0,0,1,1,1,1,0,0,1,1,1,0,0,0,1,1,0,0,0,0,0,1,1,1,0,0,0,0,1,0,0,0,0,1,0,0,0,1,0,0,1,0,1,0,0,0,0,1,0,0,0,0,0,0,1,0,0,0,1,1,0,1,0,0,0,0,1,0,0,0,1,1,0,0,0,0,0,1,1,0,0,"1,2,3,4,6","1,4,6",1,"Suppose you want to listen to some audio when you are with people you know (e.g., acquaintances, colleagues) in a park.","Supposeyouwanttolistentosomeaudiowhenyouarewithpeopleyouknow(e.g.,acquaintances,colleagues)inapark.",3,3,"Suppose you want to listen to some audio when you are with people you know (e.g., acquaintances, colleagues) in a park.  ",0,0,1,0,0,1
7,R_rp52zrfNM99u717,0,0,1,0,0,0,0,1,0,0,0,1,1,0,0,0,1,1,0,0,0,0,1,0,0,0,0,0,0,1,0,0,0,1,0,0,1,0,0,0,0,1,0,0,0,1,1,0,0,0,0,0,1,0,0,1,0,1,0,1,0,0,0,0,0,1,1,0,1,0,0,1,0,1,0,0,0,0,1,0,0,0,0,0,1,0,0,0,0,1,0,1,1,0,0,0,1,1,0,0,0,1,1,0,0,1,1,0,0,1,0,0,"1,2,3,4,5","1,2,4",1,"Suppose you want to listen to some audio when you are with people you know (e.g., acquaintances, colleagues) in a park.","Supposeyouwanttolistentosomeaudiowhenyouarewithpeopleyouknow(e.g.,acquaintances,colleagues)inapark.",3,3,"Suppose you want to listen to some audio when you are with people you know (e.g., acquaintances, colleagues) in a park.  ",0,0,1,0,0,1
8,R_1jN9PVjV6WBST0o,0,1,0,0,1,0,0,0,0,1,1,0,1,0,0,1,0,0,1,0,1,0,0,0,0,1,1,1,1,0,0,0,0,1,0,1,0,0,0,1,0,1,0,0,0,0,1,0,0,1,1,1,0,0,0,1,0,0,0,0,0,0,0,0,0,0,0,0,0,0,0,0,0,0,0,0,0,0,0,0,0,0,0,0,0,0,0,0,0,0,0,0,0,0,0,0,0,0,0,0,0,0,0,0,0,0,0,0,0,0,0,0,"1,2,3,5",2,0,Suppose you want to find a route to home when you are at Starbucks with your close friends.,SupposeyouwanttofindaroutetohomewhenyouareatStarbuckswithyourclosefriends.,2,2,Suppose you want to find a route to home when you are at Starbucks with your close friends.,0,1,0,0,1,0
9,R_2dzGQswx8jQEfEe,0,1,1,0,0,0,1,0,0,0,0,0,0,0,1,0,1,1,0,0,0,0,1,0,0,0,0,0,0,1,0,0,0,1,0,0,1,0,0,1,0,1,0,0,0,1,1,0,0,0,0,0,1,0,0,1,0,0,0,0,1,0,1,0,0,0,0,0,1,0,0,0,1,1,0,0,0,0,1,1,0,0,0,1,0,0,0,0,0,1,0,0,1,0,0,0,0,1,0,0,0,1,1,0,0,0,0,0,1,0,0,1,"1,3,4,5,6","1,3,4,5",1,"Suppose you want to browse the internet when you are at home with people you know (e.g., acquaintances, colleagues).","Supposeyouwanttobrowsetheinternetwhenyouareathomewithpeopleyouknow(e.g.,acquaintances,colleagues).",1,3,"Suppose you want to browse the internet when you are at home with people you know (e.g., acquaintances, colleagues).",1,0,0,0,0,1
10,R_1g0js4uPUgYuycg,0,1,0,0,0,0,0,0,1,0,0,0,0,0,1,0,1,1,0,0,0,0,1,0,0,0,0,0,0,1,0,0,0,1,1,1,1,0,0,0,0,1,0,0,0,1,1,0,0,0,0,0,1,0,0,1,0,0,0,1,0,0,1,0,0,0,1,1,1,0,0,1,0,1,0,0,0,0,1,0,0,0,0,0,0,1,0,0,0,1,1,0,1,0,0,0,0,1,0,0,0,1,1,0,0,0,0,0,1,0,0,1,"1,2,3,4,5","1,4",1,Suppose you want to read a digital document when you are at a park.,Supposeyouwanttoreadadigitaldocumentwhenyouareatapark.,3,1,Suppose you want to read a digital document when you are at a park.,0,0,1,1,0,0
11,R_PFZ9HriH9tqrcdz,0,1,0,0,1,0,0,0,0,1,0,0,1,0,0,1,0,1,0,0,0,0,1,0,0,0,0,0,0,1,0,0,0,1,0,1,1,0,0,0,1,1,0,0,0,1,1,0,0,0,0,0,1,0,0,1,0,0,0,0,0,1,0,0,0,1,0,1,0,0,0,1,0,1,0,0,0,0,1,0,0,0,1,0,0,0,0,0,0,1,0,1,0,0,0,0,1,1,0,0,0,1,1,0,0,0,0,0,1,0,0,1,"1,2,4,6","1,4",1,Suppose you want to read a digital document when you are at Starbucks.,SupposeyouwanttoreadadigitaldocumentwhenyouareatStarbucks.,2,1,Suppose you want to read a digital document when you are at Starbucks.,0,1,0,1,0,0
12,R_2QnbCoP0Kgaovsr,0,1,0,0,0,0,0,0,0,1,1,0,0,0,0,0,1,1,0,0,0,0,1,0,0,0,0,0,0,1,0,0,0,1,1,1,1,0,0,0,1,1,0,0,0,1,1,0,0,0,0,0,1,0,0,1,0,1,0,0,0,0,1,0,0,0,0,0,1,0,0,0,1,1,0,0,0,0,1,0,0,0,0,0,0,1,0,0,0,1,0,0,0,0,1,0,0,1,0,0,0,0,1,0,0,0,0,0,1,0,0,1,"1,2,4,5,6","1,2,4,6",1,"Suppose you want to take a click a photo when you are with people you are close to (e.g., friends, family members) at home","Supposeyouwanttotakeaclickaphotowhenyouarewithpeopleyouarecloseto(e.g.,friends,familymembers)athome",1,2,"Suppose you want to take a click a photo when you are with people you are close to (e.g., friends, family members) at home",1,0,0,0,1,0
13,R_1DGzWVj0A4jXeOM,0,1,0,0,0,0,0,0,0,1,0,0,0,0,1,1,0,1,0,0,0,0,1,0,0,0,0,0,0,1,0,1,1,0,0,0,1,0,0,0,1,0,0,0,0,1,1,0,0,0,0,0,1,0,0,1,0,1,0,0,0,0,0,0,0,1,0,0,1,0,0,1,0,1,0,0,0,0,1,0,0,0,0,0,0,1,0,0,0,1,0,0,1,0,0,0,1,0,0,0,0,0,0,0,1,1,0,0,0,0,0,1,"1,2,4,5","1,4",1,Suppose you are at sitting in a park and you want to play a digital/online game.,Supposeyouareatsittinginaparkandyouwanttoplayadigital/onlinegame.,3,1,Suppose you are at sitting in a park and you want to play a digital/online game.,0,0,1,1,0,0
14,R_125skFl6yyPkVXA,0,1,1,1,1,0,0,0,0,1,0,1,1,0,0,0,1,1,0,0,0,0,0,0,1,0,0,1,1,0,0,0,0,1,1,1,0,0,0,0,1,1,0,0,0,1,1,0,0,0,0,0,1,0,0,1,0,0,0,1,0,0,0,0,1,0,1,0,1,0,0,0,1,1,0,0,0,0,1,0,0,0,0,0,0,1,0,0,0,1,0,0,1,0,0,0,0,1,0,0,0,1,1,0,0,1,0,0,0,0,0,1,"1,2,3,4,5,6","1,4",1,"Suppose you want to purchase something (e.g., book, household items) online when you are with your close friends at a park.","Supposeyouwanttopurchasesomething(e.g.,book,householditems)onlinewhenyouarewithyourclosefriendsatapark.",3,2,"Suppose you want to purchase something (e.g., book, household items) online when you are with your close friends at a park.",0,0,1,0,1,0
15,R_2QhUZ8MeTLsVLqp,0,1,1,1,0,0,0,0,1,0,0,0,1,1,0,0,1,1,0,0,0,0,1,0,0,0,0,1,1,0,0,0,1,0,0,0,1,0,0,0,1,1,0,0,0,1,1,0,0,0,0,0,1,0,0,1,0,0,0,1,0,0,1,0,0,0,0,0,1,0,0,0,1,1,0,0,0,0,0,0,0,1,0,0,1,0,0,0,1,0,0,0,1,0,0,0,0,1,0,0,0,1,1,0,0,1,0,0,0,1,0,0,"1,2,3,4,5","1,2,4",1,"Suppose you want to find a route to home when you are at Starbucks with people you know (e.g., acquaintances, colleagues).","SupposeyouwanttofindaroutetohomewhenyouareatStarbuckswithpeopleyouknow(e.g.,acquaintances,colleagues).",2,3,"Suppose you want to find a route to home when you are at Starbucks with people you know (e.g., acquaintances, colleagues).",0,1,0,0,0,1
16,R_STf9iRf9E15tyJH,0,1,1,1,1,0,0,0,1,0,0,1,1,0,0,0,1,1,0,0,0,0,0,0,1,0,0,0,0,1,0,1,0,0,0,0,0,0,1,0,0,1,0,0,0,1,1,0,0,0,0,0,1,0,1,0,0,0,0,0,0,1,0,0,0,1,0,0,0,0,1,0,1,1,0,0,0,0,1,0,0,0,0,0,1,0,0,1,1,0,0,0,1,0,0,0,1,1,0,0,0,1,1,0,0,0,0,0,1,0,0,1,"1,2,3,4,5,6","1,3,4,6",1,"Suppose you want to a send an email when you are surrounded by people you know (e.g., acquaintances, colleagues) your home.","Supposeyouwanttoasendanemailwhenyouaresurroundedbypeopleyouknow(e.g.,acquaintances,colleagues)yourhome.",1,3,"Suppose you want to a send an email when you are surrounded by people you know (e.g., acquaintances, colleagues) your home.",1,0,0,0,0,1
17,R_1BVGDQ7Vd1XWXls,0,1,0,0,0,0,0,0,1,0,0,1,0,0,0,0,1,1,0,0,0,0,0,0,0,1,0,0,0,1,0,0,0,1,0,0,1,0,0,0,1,1,0,0,0,1,1,0,0,0,0,0,1,0,0,1,0,1,0,0,0,0,1,0,0,0,0,0,0,0,1,0,1,1,0,0,0,0,0,0,0,1,0,0,0,1,0,0,0,1,0,0,1,0,0,0,0,1,0,0,0,1,1,0,0,0,0,0,1,0,0,1,"1,2,3,4,6","1,2,3,4",1,"Suppose you have planned to meet a friend next week and you want to put this on your calendar when you are surrounded with people you are close to (e.g., friends, family members) at your home.","Supposeyouhaveplannedtomeetafriendnextweekandyouwanttoputthisonyourcalendarwhenyouaresurroundedwithpeopleyouarecloseto(e.g.,friends,familymembers)atyourhome.",1,2,"Suppose you have planned to meet a friend next week and you want to put this on your calendar when you are surrounded with people you are close to (e.g., friends, family members) at your home.",1,0,0,0,1,0
18,R_3nu6jRiMhhp07Yx,0,1,0,0,0,0,1,1,0,0,0,0,1,0,0,0,1,1,0,0,0,0,1,0,0,0,0,0,0,1,1,1,0,0,0,0,1,0,0,0,0,1,0,0,0,1,1,0,0,0,0,0,1,1,1,0,0,0,1,1,0,0,0,0,0,1,1,0,0,0,0,1,0,1,0,0,0,0,1,0,0,0,0,0,0,1,0,0,0,1,1,0,1,0,0,0,0,1,0,0,0,1,1,0,0,0,0,0,1,0,0,1,"1,2,3,4,5","1,4",1,"Suppose you want to listen to some audio when you with people you know (e.g., acquaintances, colleagues) at Starbucks","Supposeyouwanttolistentosomeaudiowhenyouwithpeopleyouknow(e.g.,acquaintances,colleagues)atStarbucks",2,3,"Suppose you want to listen to some audio when you with people you know (e.g., acquaintances, colleagues) at Starbucks",0,1,0,0,0,1
19,R_2OHMekXi6vKBmKk,0,0,0,0,0,1,1,0,0,0,0,0,0,0,1,0,1,1,0,0,0,0,0,0,0,1,0,0,0,1,0,0,0,1,0,0,1,0,0,0,1,1,0,0,0,1,1,0,0,0,0,0,1,0,0,1,0,0,0,0,0,1,0,0,0,1,0,0,1,0,0,1,0,1,0,0,0,0,1,0,0,0,0,0,0,1,0,0,0,1,1,0,0,0,0,0,0,1,0,0,0,1,1,0,0,0,0,0,1,0,0,1,"1,2,3,4,6","1,4,6",1,"Suppose you are at a park with some people you know (e.g., acquaintances, colleagues) when you realize that you have to immediately pay one of your bills online.","Supposeyouareataparkwithsomepeopleyouknow(e.g.,acquaintances,colleagues)whenyourealizethatyouhavetoimmediatelypayoneofyourbillsonline.",3,3,"Suppose you are at a park with some people you know (e.g., acquaintances, colleagues) when you realize that you have to immediately pay one of your bills online.",0,0,1,0,0,1
20,R_2Vev19WKRu5kuKc,1,1,0,0,0,0,0,0,0,1,0,0,0,0,1,0,1,1,0,0,0,0,0,0,1,0,0,1,1,0,0,0,0,1,1,0,1,0,0,0,0,1,0,0,0,1,1,0,0,0,0,0,1,0,0,1,0,0,0,0,0,0,0,0,0,0,0,0,0,0,0,0,0,0,0,0,0,0,0,0,0,0,0,0,0,0,0,0,0,0,0,0,0,0,0,0,0,0,0,0,0,0,0,0,0,0,0,0,0,0,0,0,"1,2,3,4,5,6",4,0,"Suppose you are at a park with some people you know (e.g., acquaintances, colleagues) when you realize that you have to immediately pay one of your bills online.","Supposeyouareataparkwithsomepeopleyouknow(e.g.,acquaintances,colleagues)whenyourealizethatyouhavetoimmediatelypayoneofyourbillsonline.",3,3,"Suppose you are at a park with some people you know (e.g., acquaintances, colleagues) when you realize that you have to immediately pay one of your bills online.",0,0,1,0,0,1
21,R_3O9tniQJRV54noT,0,1,0,0,0,0,0,0,0,1,0,0,1,0,0,0,1,1,0,0,0,0,1,0,0,0,0,0,0,1,1,0,0,0,1,1,1,0,0,0,1,1,0,0,0,1,1,0,0,0,0,0,1,0,0,1,0,0,1,0,0,0,0,0,0,1,1,0,1,0,0,0,1,1,0,0,0,0,1,0,0,0,0,0,0,1,0,0,0,1,1,0,1,0,0,0,0,1,0,0,0,1,1,0,0,1,0,0,0,0,0,1,"1,2,3,4,5","1,2,4",1,"Suppose you are at work with some people you know (e.g., acquaintances, colleagues) when you realize that you have to immediately pay one of your bills online.","Supposeyouareatworkwithsomepeopleyouknow(e.g.,acquaintances,colleagues)whenyourealizethatyouhavetoimmediatelypayoneofyourbillsonline.",2,3,"Suppose you are at work with some people you know (e.g., acquaintances, colleagues) when you realize that you have to immediately pay one of your bills online.",0,1,0,0,0,1
22,R_11bTZI2VgbgqhVj,0,1,1,1,0,0,0,0,0,1,0,1,1,0,0,0,1,1,0,0,0,0,1,0,0,0,0,0,0,1,0,1,1,0,1,1,1,0,0,1,1,1,1,0,0,1,1,0,0,0,0,0,1,0,0,1,0,1,0,0,0,0,0,0,0,1,0,1,1,0,0,0,1,0,0,0,0,1,1,0,0,0,0,0,0,1,0,1,1,0,0,0,1,0,0,0,1,1,0,0,0,0,1,0,0,0,0,0,1,0,0,1,"1,2,3,4,6","1,3,4",1,"Suppose you want to browse the internet when you are at home with people you are close to (e.g., friends, family members)","Supposeyouwanttobrowsetheinternetwhenyouareathomewithpeopleyouarecloseto(e.g.,friends,familymembers)",1,2,"Suppose you want to browse the internet when you are at home with people you are close to (e.g., friends, family members)",1,0,0,0,1,0
23,R_1P6HJ1vLKhvFdqP,0,1,1,0,0,0,0,0,0,1,0,0,0,0,1,0,1,1,0,0,0,0,1,0,0,0,0,0,0,1,0,1,1,0,0,1,1,0,0,0,0,1,0,0,0,1,1,0,0,0,0,0,1,0,0,1,0,1,1,0,0,0,0,0,0,1,1,0,0,0,0,0,1,1,0,0,0,0,0,0,0,1,0,0,0,1,0,0,0,1,0,1,1,0,0,0,1,1,0,0,0,1,1,0,0,0,0,0,1,0,0,1,"1,2,4,6","1,4,6",1,Suppose you have planned to meet a friend next week and you want to put this on your calendar when you are alone at Starbucks.,SupposeyouhaveplannedtomeetafriendnextweekandyouwanttoputthisonyourcalendarwhenyouarealoneatStarbucks.,2,1,Suppose you have planned to meet a friend next week and you want to put this on your calendar when you are alone at Starbucks.,0,1,0,1,0,0
24,R_OybKG2awhxPfEg9,0,1,0,0,0,0,1,0,0,0,1,0,0,0,0,1,0,1,0,0,0,0,0,1,0,0,0,1,0,0,0,0,1,0,0,0,0,0,1,0,0,0,0,1,0,0,1,0,0,1,1,0,0,0,0,1,0,0,0,0,0,0,0,0,0,0,0,0,0,0,0,0,0,0,0,0,0,0,0,0,0,0,0,0,0,0,0,0,0,0,0,0,0,0,0,0,0,0,0,0,0,0,0,0,0,0,0,0,0,0,0,0,"1,2,3,5",2,0,"Suppose you want to purchase something (e.g., book, household items) online when you are with people you know (e.g., acquaintances, colleagues) at Starbucks.","Supposeyouwanttopurchasesomething(e.g.,book,householditems)onlinewhenyouarewithpeopleyouknow(e.g.,acquaintances,colleagues)atStarbucks.",2,3,"Suppose you want to purchase something (e.g., book, household items) online when you are with people you know (e.g., acquaintances, colleagues) at Starbucks.",0,1,0,0,0,1
25,R_3hEDDs2WtbUCDRB,0,0,0,0,1,0,0,0,0,1,1,1,0,0,0,1,0,1,0,0,0,0,1,0,0,0,0,0,0,1,0,0,0,1,0,0,1,0,0,0,1,1,0,0,0,1,1,0,0,0,0,0,1,0,0,1,0,1,1,1,0,0,0,0,0,1,0,1,1,0,0,0,1,1,0,0,0,0,1,0,0,0,0,0,0,1,0,0,0,1,1,0,1,0,0,1,1,1,0,0,0,0,0,0,1,1,1,0,0,0,0,1,"1,2,3,4,5,6","1,3,4,5,6",1,"Suppose you have planned to meet a friend next week and you want to put this on your calendar when you are surrounded by people you know (e.g., acquaintances, colleagues) at your home.","Supposeyouhaveplannedtomeetafriendnextweekandyouwanttoputthisonyourcalendarwhenyouaresurroundedbypeopleyouknow(e.g.,acquaintances,colleagues)atyourhome.",1,3,"Suppose you have planned to meet a friend next week and you want to put this on your calendar when you are surrounded by people you know (e.g., acquaintances, colleagues) at your home.",1,0,0,0,0,1
26,R_247U5wfc8r6ReXL,1,0,0,0,0,0,1,0,0,0,1,0,0,0,0,1,0,1,0,0,0,0,1,0,0,0,1,0,0,0,1,0,0,0,1,0,0,0,0,1,1,0,0,0,0,1,0,0,0,1,0,0,0,0,1,0,1,0,0,0,1,0,1,1,0,0,1,0,0,0,0,1,0,1,0,0,0,0,1,0,0,0,1,0,0,0,1,0,0,0,1,0,0,0,0,1,0,0,0,0,0,1,0,0,0,1,0,0,0,1,0,0,"1,3,4,5",1,1,Suppose you want to call your mother for sharing an important update about your life when you are alone at Starbucks.,SupposeyouwanttocallyourmotherforsharinganimportantupdateaboutyourlifewhenyouarealoneatStarbucks.,2,1,Suppose you want to call your mother for sharing an important update about your life when you are alone at Starbucks.,0,1,0,1,0,0
27,R_278nFnxLDHjq9hA,0,1,1,0,0,0,1,0,0,0,0,0,1,0,0,1,0,1,0,0,0,0,1,0,0,0,0,0,0,1,0,1,0,0,0,0,0,0,1,0,1,1,0,0,0,1,1,0,0,0,0,0,1,0,0,1,0,0,0,0,0,0,0,0,0,0,0,0,0,0,0,0,0,0,0,0,0,0,0,0,0,0,0,0,0,0,0,0,0,0,0,0,0,0,0,0,0,0,0,0,0,0,0,0,0,0,0,0,0,0,0,0,"1,2,3,4,5,6","2,6",0,Suppose you want to call your mother for sharing an important update about your life when you are alone at Starbucks.,SupposeyouwanttocallyourmotherforsharinganimportantupdateaboutyourlifewhenyouarealoneatStarbucks.,2,1,Suppose you want to call your mother for sharing an important update about your life when you are alone at Starbucks.,0,1,0,1,0,0
28,R_yR4FHcarB2dRY7n,0,0,0,0,0,1,0,0,1,0,1,1,1,0,0,1,0,1,0,0,0,0,0,0,0,1,1,0,0,0,0,0,0,1,1,0,1,0,0,0,0,0,0,1,0,1,1,0,0,0,0,0,1,0,0,1,0,0,0,0,0,1,1,0,0,0,0,1,1,0,0,1,0,1,0,0,0,0,1,0,0,0,0,0,0,1,0,0,0,1,0,0,0,0,1,0,0,1,0,0,0,1,0,0,0,1,0,0,0,0,0,1,"1,2,3,4,6","1,3,4",1,Suppose you want to read a digital document when you are alone at home.,Supposeyouwanttoreadadigitaldocumentwhenyouarealoneathome.,1,1,Suppose you want to read a digital document when you are alone at home.,1,0,0,1,0,0
29,R_bg9XajRi9KbKT3b,0,0,0,0,0,1,0,0,0,1,1,0,1,0,0,0,1,1,0,0,0,0,0,0,0,1,1,1,1,0,0,0,0,1,0,0,0,0,1,0,0,0,0,1,0,1,1,0,0,1,0,0,0,0,0,1,0,0,0,0,0,1,0,0,0,1,0,0,0,0,1,1,0,1,0,0,0,0,0,0,0,1,1,1,1,0,0,0,0,1,0,0,0,0,1,0,0,0,0,0,1,0,0,0,1,0,0,0,1,0,0,1,"1,2,3,4","1,4",1,"Suppose you want to read a digital document when you are in a park with people you know (e.g., acquaintances, colleagues).","Supposeyouwanttoreadadigitaldocumentwhenyouareinaparkwithpeopleyouknow(e.g.,acquaintances,colleagues).",3,3,"Suppose you want to read a digital document when you are in a park with people you know (e.g., acquaintances, colleagues).",0,0,1,0,0,1
30,R_1FPAukzDhZSDRxp,1,1,0,0,1,0,0,0,1,0,1,0,0,0,0,0,1,1,0,0,0,0,1,0,0,0,1,1,0,0,1,1,1,0,1,1,0,1,0,0,1,1,1,0,0,1,1,0,0,1,1,0,0,0,1,0,0,1,0,0,0,0,1,0,0,0,1,0,0,0,0,1,0,0,1,0,0,0,0,0,0,1,0,0,0,1,0,0,0,1,0,0,1,0,0,0,0,0,0,0,1,0,1,0,0,1,0,0,0,0,1,0,"1,2,5,6",1,1,"Suppose you want to watch some video when you are at home with people you are close to (e.g., friends, family members)","Supposeyouwanttowatchsomevideowhenyouareathomewithpeopleyouarecloseto(e.g.,friends,familymembers)",1,2,"Suppose you want to watch some video when you are at home with people you are close to (e.g., friends, family members)",1,0,0,0,1,0
31,R_1kH0mdQ6ixsxXsJ,0,1,0,1,0,0,0,0,1,0,0,1,0,0,0,0,1,1,0,0,0,0,1,0,0,0,1,0,0,0,0,1,0,0,0,1,0,0,0,0,0,1,0,0,0,1,1,0,0,1,0,0,0,0,0,1,0,0,0,0,0,1,0,0,0,1,1,1,0,0,0,0,1,1,0,0,0,0,1,1,0,0,0,0,0,1,0,0,0,1,0,1,1,0,0,0,1,1,0,0,0,0,0,0,1,0,0,0,1,0,0,1,"1,2,3,4,5,6","1,4",1,Suppose you are at starbucks and you realize today is the last day to pay one of your bills online.,Supposeyouareatstarbucksandyourealizetodayisthelastdaytopayoneofyourbillsonline.,2,1,Suppose you are at starbucks and you realize today is the last day to pay one of your bills online.,0,1,0,1,0,0
32,R_3s5nganTEqELjlC,0,1,0,0,0,0,0,0,0,1,0,0,0,0,1,0,1,0,0,0,0,1,0,0,0,1,0,0,0,1,0,0,0,1,0,0,0,0,1,0,0,0,0,0,1,0,0,0,1,0,0,0,1,0,0,1,0,0,0,0,0,0,0,0,0,0,0,0,0,0,0,0,0,0,0,0,0,0,0,0,0,0,0,0,0,0,0,0,0,0,0,0,0,0,0,0,0,0,0,0,0,0,0,0,0,0,0,0,0,0,0,0,"1,2,3,4",2,0,Suppose you want to a view a text message when you are alone at home,Supposeyouwanttoaviewatextmessagewhenyouarealoneathome,1,1,Suppose you want to a view a text message when you are alone at home,1,0,0,1,0,0
33,R_294SGSTouXD4yAM,0,1,0,0,0,0,1,0,0,0,0,1,1,0,0,0,1,1,0,0,0,0,1,0,0,0,0,0,0,1,0,1,0,0,1,0,1,0,0,0,1,1,0,0,0,1,1,0,0,0,0,0,1,0,0,1,0,0,0,1,0,0,0,0,0,1,0,0,1,0,0,0,1,1,0,0,0,0,1,0,1,0,0,0,0,1,0,0,0,1,1,0,1,0,0,0,1,1,0,0,0,0,0,0,1,1,0,1,0,0,0,1,"1,2,3,4,5,6","1,4",1,Suppose you are at a park and you realize today is the last day to pay one of your bills online.,Supposeyouareataparkandyourealizetodayisthelastdaytopayoneofyourbillsonline.,3,1,Suppose you are at a park and you realize today is the last day to pay one of your bills online.,0,0,1,1,0,0
34,R_2xYnJC0jmtgaiM9,1,1,0,0,0,0,0,0,0,1,0,1,1,0,0,0,1,1,0,0,0,0,0,0,1,0,0,1,0,0,0,0,0,1,0,0,1,0,0,0,0,1,0,0,0,1,1,0,0,1,0,1,0,1,0,0,0,0,0,0,0,0,0,0,0,0,0,0,0,0,0,0,0,0,0,0,0,0,0,0,0,0,0,0,0,0,0,0,0,0,0,0,0,0,0,0,0,0,0,0,0,0,0,0,0,0,0,0,0,0,0,0,"1,2,4","2,4",0,Suppose you are on a short vacation and you want to take a picture in front of an iconic monument when you are surrounded by many people.,Supposeyouareonashortvacationandyouwanttotakeapictureinfrontofaniconicmonumentwhenyouaresurroundedbymanypeople.,3,1,Suppose you are on a short vacation and you want to take a picture in front of an iconic monument when you are surrounded by many people.,0,0,1,1,0,0
35,R_UcBU8bEeMy2IQNP,0,0,0,0,0,1,1,0,0,0,0,0,0,0,1,1,0,1,0,0,0,0,1,1,0,0,1,1,0,0,0,0,0,1,0,0,1,0,0,0,1,0,0,0,0,1,1,0,0,0,0,0,1,0,0,1,0,1,0,1,0,0,1,0,0,0,0,0,1,0,0,0,1,1,0,0,0,0,0,0,0,1,0,0,0,1,0,0,0,1,0,0,1,0,0,0,1,1,0,0,0,0,1,0,0,1,0,0,0,0,0,1,"1,2,3,4","1,4",1,Suppose you want to watch some video when you are with your close friends at Starbucks.,SupposeyouwanttowatchsomevideowhenyouarewithyourclosefriendsatStarbucks.,2,2,Suppose you want to watch some video when you are with your close friends at Starbucks.,0,1,0,0,1,0
36,R_3EZohN022rUWH7S,0,0,0,0,0,1,0,1,0,0,0,1,1,0,0,0,1,1,0,0,0,0,1,0,0,0,0,0,0,1,0,1,1,0,1,0,1,0,0,0,1,1,1,0,0,1,1,0,0,0,1,0,0,1,1,0,0,0,0,0,0,0,0,0,0,0,0,0,0,0,0,0,0,0,0,0,0,0,0,0,0,0,0,0,0,0,0,0,0,0,0,0,0,0,0,0,0,0,0,0,0,0,0,0,0,0,0,0,0,0,0,0,"1,2,3,4,5,6","4,6",0,Suppose you want to browse internet when you are with your close friends at a restaurant.,Supposeyouwanttobrowseinternetwhenyouarewithyourclosefriendsatarestaurant.,2,2,Suppose you want to browse internet when you are with your close friends at a restaurant.,0,1,0,0,1,0
