,Random_ID,ResponseId,device_use,Finished,Q20,Q1,Q1_6_TEXT,Q2,Q2_4_TEXT,Q3,Q3_5_TEXT,Q4,Q4_2_TEXT,Q5,Q5_5_TEXT,Q6,Q7,Q7_4_TEXT,Q8,Q8_4_TEXT,Q9,Q9_5_TEXT,Q10,Q10_5_TEXT,Q11,Q11_4_TEXT,Q12,Q12_4_TEXT,Q13,Q13_3_TEXT,1_Q1,1_Q1_6_TEXT,1_Q2,1_Q2_4_TEXT,1_Q3,1_Q3_5_TEXT,1_Q4,1_Q4_2_TEXT,1_Q5,1_Q5_35_TEXT,1_Q6,1_Q7,1_Q8,1_Q8_4_TEXT,1_Q9,1_Q9_5_TEXT,1_Q10,1_Q10_5_TEXT,1_Q11,1_Q11_4_TEXT,1_Q12,1_Q12_4_TEXT,1_Q13,1_Q13_3_TEXT,2_Q1,2_Q1_6_TEXT,2_Q2,2_Q2_4_TEXT,2_Q3,2_Q3_5_TEXT,2_Q4,2_Q4_2_TEXT,2_Q5,2_Q5_35_TEXT,2_Q6,2_Q7,2_Q8,2_Q8_4_TEXT,2_Q9,2_Q9_5_TEXT,2_Q10,2_Q10_5_TEXT,2_Q11,2_Q11_4_TEXT,2_Q12,2_Q12_4_TEXT,2_Q13,2_Q13_3_TEXT,3_Q1,3_Q1_6_TEXT,3_Q2,3_Q2_4_TEXT,3_Q3,3_Q3_5_TEXT,3_Q4,3_Q4_2_TEXT,3_Q5,3_Q5_35_TEXT,3_Q6,3_Q7,3_Q8,3_Q8_4_TEXT,3_Q9,3_Q9_5_TEXT,3_Q10,3_Q10_5_TEXT,3_Q11,3_Q11_4_TEXT,3_Q12,3_Q12_4_TEXT,3_Q13,3_Q13_3_TEXT,4_Q1,4_Q1_6_TEXT,4_Q2,4_Q2_4_TEXT,4_Q3,4_Q3_5_TEXT,4_Q4,4_Q4_2_TEXT,4_Q5,4_Q5_35_TEXT,4_Q6,4_Q7,4_Q8,4_Q8_4_TEXT,4_Q9,4_Q9_5_TEXT,4_Q10,4_Q10_5_TEXT,4_Q11,4_Q11_4_TEXT,4_Q12,4_Q12_4_TEXT,4_Q13,4_Q13_3_TEXT,5_Q1,5_Q1_6_TEXT,5_Q2,5_Q2_4_TEXT,5_Q3,5_Q3_5_TEXT,5_Q4,5_Q4_2_TEXT,5_Q5,5_Q5_35_TEXT,5_Q6,5_Q7,5_Q8,5_Q8_4_TEXT,5_Q9,5_Q9_5_TEXT,5_Q10,5_Q10_5_TEXT,5_Q11,5_Q11_4_TEXT,5_Q12,5_Q12_4_TEXT,5_Q13,5_Q13_3_TEXT,6_Q1,6_Q1_6_TEXT,6_Q2,6_Q2_4_TEXT,6_Q3,6_Q3_5_TEXT,6_Q4,6_Q4_2_TEXT,6_Q5,6_Q5_35_TEXT,6_Q6,6_Q7,6_Q8,6_Q8_4_TEXT,6_Q9,6_Q9_5_TEXT,6_Q10,6_Q10_5_TEXT,6_Q11,6_Q11_4_TEXT,6_Q12,6_Q12_4_TEXT,6_Q13,6_Q13_3_TEXT,Q183,Q184,Q184_4_TEXT,1_Q186,1_Q186_4_TEXT,2_Q186,2_Q186_4_TEXT,3_Q186,3_Q186_4_TEXT,4_Q186,4_Q186_4_TEXT,5_Q186,5_Q186_4_TEXT,6_Q186,6_Q186_4_TEXT,1_Q185,1_Q185_5_TEXT,2_Q185,2_Q185_5_TEXT,3_Q185,3_Q185_5_TEXT,4_Q185,4_Q185_5_TEXT,5_Q185,5_Q185_5_TEXT,6_Q185,6_Q185_5_TEXT,scenario,a_checks
2,56174,R_1cZFfC3Kdlj52r9,"1,2,3,4,5",1,"1,2,4","2,3,4,5",no_values,1,no_values,"1,3",no_values,1,no_values,"1,3",no_values,3,"1,2",no_values,1,no_values,"2,3",no_values,"1,2,3,4",no_values,"1,2",no_values,"1,2",no_values,2,no_values,"2,3,4",no_values,1,no_values,"1,2,3",no_values,1,no_values,1,no_values,4,5,5,no_values,2,no_values,"1,3",no_values,"1,2",no_values,"1,2",no_values,2,no_values,"2,3,5",no_values,5,no_values,"1,2",no_values,1,no_values,1,no_values,4,5,5,no_values,"1,3",no_values,"1,3",no_values,"1,2",no_values,"1,2",no_values,2,no_values,no_values,no_values,no_values,no_values,no_values,no_values,no_values,no_values,no_values,no_values,no_values,no_values,no_values,no_values,no_values,no_values,no_values,no_values,no_values,no_values,no_values,no_values,no_values,no_values,"2,3,5",no_values,5,no_values,"1,2",no_values,1,no_values,1,no_values,4,5,5,no_values,2,no_values,"1,3",no_values,"1,2",no_values,"1,2,3",no_values,"1,2",no_values,no_values,no_values,no_values,no_values,no_values,no_values,no_values,no_values,no_values,no_values,no_values,no_values,no_values,no_values,no_values,no_values,no_values,no_values,no_values,no_values,no_values,no_values,no_values,no_values,no_values,no_values,no_values,no_values,no_values,no_values,no_values,no_values,no_values,no_values,no_values,no_values,no_values,no_values,no_values,no_values,no_values,no_values,no_values,no_values,no_values,no_values,no_values,no_values,3,"1,2",no_values,5,no_values,5,no_values,no_values,no_values,5,no_values,no_values,no_values,no_values,no_values,"1,3",no_values,"1,3",no_values,no_values,no_values,"1,3",no_values,no_values,no_values,no_values,no_values,Suppose you want to watch some video when you are with your close friends at Starbucks.,1
3,94169,R_vJthfV9g4LaQbNT,"1,2,5",1,"1,2",2,no_values,1,no_values,3,no_values,1,no_values,1,no_values,1,3,no_values,"1,3",no_values,6,no_values,7,no_values,3,no_values,1,no_values,2,no_values,"2,4",no_values,5,no_values,3,no_values,2,I dont move around,6,no_values,4,"2,3",5,no_values,6,no_values,6,no_values,"1,2",no_values,5,no_values,4,no_values,1,no_values,5,no_values,2,no_values,1,no_values,1,no_values,4,3,5,no_values,6,no_values,7,no_values,1,no_values,5,no_values,4,no_values,no_values,no_values,no_values,no_values,no_values,no_values,no_values,no_values,no_values,no_values,no_values,no_values,no_values,no_values,no_values,no_values,no_values,no_values,no_values,no_values,no_values,no_values,no_values,no_values,no_values,no_values,no_values,no_values,no_values,no_values,no_values,no_values,no_values,no_values,no_values,no_values,no_values,no_values,no_values,no_values,no_values,no_values,no_values,no_values,no_values,no_values,no_values,no_values,no_values,no_values,no_values,no_values,no_values,no_values,no_values,no_values,no_values,no_values,no_values,no_values,no_values,no_values,no_values,no_values,no_values,no_values,no_values,no_values,no_values,no_values,no_values,no_values,no_values,no_values,no_values,no_values,no_values,no_values,no_values,no_values,no_values,no_values,no_values,no_values,no_values,no_values,no_values,no_values,no_values,no_values,no_values,no_values,no_values,no_values,no_values,no_values,1,3,no_values,5,no_values,5,no_values,no_values,no_values,no_values,no_values,no_values,no_values,no_values,no_values,6,no_values,7,no_values,no_values,no_values,no_values,no_values,no_values,no_values,no_values,no_values,"Suppose you want to read a digital document when you are at Starbucks with people you know (e.g., acquaintances, colleagues).",1
4,24300,R_38WggpIXFNmYSe5,"1,2,4",1,2,"2,5",no_values,1,no_values,1,no_values,1,no_values,1,no_values,1,1,no_values,1,no_values,1,no_values,1,no_values,1,no_values,1,no_values,2,no_values,no_values,no_values,no_values,no_values,no_values,no_values,no_values,no_values,no_values,no_values,no_values,no_values,no_values,no_values,no_values,no_values,no_values,no_values,no_values,no_values,no_values,no_values,no_values,no_values,"1,2",no_values,1,no_values,1,no_values,1,no_values,1,no_values,1,1,1,no_values,1,no_values,1,no_values,1,no_values,1,no_values,2,no_values,no_values,no_values,no_values,no_values,no_values,no_values,no_values,no_values,no_values,no_values,no_values,no_values,no_values,no_values,no_values,no_values,no_values,no_values,no_values,no_values,no_values,no_values,no_values,no_values,no_values,no_values,no_values,no_values,no_values,no_values,no_values,no_values,no_values,no_values,no_values,no_values,no_values,no_values,no_values,no_values,no_values,no_values,no_values,no_values,no_values,no_values,no_values,no_values,no_values,no_values,no_values,no_values,no_values,no_values,no_values,no_values,no_values,no_values,no_values,no_values,no_values,no_values,no_values,no_values,no_values,no_values,no_values,no_values,no_values,no_values,no_values,no_values,no_values,no_values,no_values,no_values,no_values,no_values,no_values,no_values,no_values,no_values,no_values,no_values,no_values,no_values,no_values,no_values,no_values,no_values,no_values,no_values,no_values,no_values,no_values,no_values,1,1,no_values,no_values,no_values,1,no_values,no_values,no_values,no_values,no_values,no_values,no_values,no_values,no_values,no_values,no_values,1,no_values,no_values,no_values,no_values,no_values,no_values,no_values,no_values,no_values,Suppose you want to take a click a photo when you are with your close friends and family members at Starbucks,1
5,81861,R_1MZq3LJWTKAMyDm,"1,2,3,4,5,6",1,3,"1,2,4,5",no_values,5,no_values,1,no_values,1,no_values,1,no_values,"2,3",3,no_values,5,no_values,"2,3",no_values,6,no_values,"1,2",no_values,"1,3",no_values,1,no_values,no_values,no_values,no_values,no_values,no_values,no_values,no_values,no_values,no_values,no_values,no_values,no_values,no_values,no_values,no_values,no_values,no_values,no_values,no_values,no_values,no_values,no_values,no_values,no_values,no_values,no_values,no_values,no_values,no_values,no_values,no_values,no_values,no_values,no_values,no_values,no_values,no_values,no_values,no_values,no_values,no_values,no_values,no_values,no_values,no_values,no_values,no_values,no_values,4,no_values,5,no_values,1,no_values,3,no_values,2,no_values,2,2,5,no_values,6,no_values,7,no_values,5,no_values,3,no_values,4,no_values,no_values,no_values,no_values,no_values,no_values,no_values,no_values,no_values,no_values,no_values,no_values,no_values,no_values,no_values,no_values,no_values,no_values,no_values,no_values,no_values,no_values,no_values,no_values,no_values,no_values,no_values,no_values,no_values,no_values,no_values,no_values,no_values,no_values,no_values,no_values,no_values,no_values,no_values,no_values,no_values,no_values,no_values,no_values,no_values,no_values,no_values,no_values,no_values,no_values,no_values,no_values,no_values,no_values,no_values,no_values,no_values,no_values,no_values,no_values,no_values,no_values,no_values,no_values,no_values,no_values,no_values,no_values,no_values,no_values,no_values,no_values,no_values,"2,3","1,2",no_values,no_values,no_values,no_values,no_values,5,no_values,no_values,no_values,no_values,no_values,no_values,no_values,no_values,no_values,no_values,no_values,7,no_values,no_values,no_values,no_values,no_values,no_values,no_values,"Suppose you are alone and relaxing at home, you have just read a new book that you loved and now you want a write a review for your close family and friends.",1
6,37331,R_cUZhy9ePtEuLOmt,"1,2,4",1,2,2,no_values,5,no_values,3,no_values,1,no_values,1,no_values,3,3,no_values,2,no_values,3,no_values,6,no_values,2,no_values,3,no_values,4,no_values,no_values,no_values,no_values,no_values,no_values,no_values,no_values,no_values,no_values,no_values,no_values,no_values,no_values,no_values,no_values,no_values,no_values,no_values,no_values,no_values,no_values,no_values,no_values,no_values,2,no_values,5,no_values,2,no_values,1,no_values,1,no_values,"1,2",3,5,no_values,3,no_values,"3,6",no_values,2,no_values,3,no_values,2,no_values,no_values,no_values,no_values,no_values,no_values,no_values,no_values,no_values,no_values,no_values,no_values,no_values,no_values,no_values,no_values,no_values,no_values,no_values,no_values,no_values,no_values,no_values,no_values,no_values,no_values,no_values,no_values,no_values,no_values,no_values,no_values,no_values,no_values,no_values,no_values,no_values,no_values,no_values,no_values,no_values,no_values,no_values,no_values,no_values,no_values,no_values,no_values,no_values,no_values,no_values,no_values,no_values,no_values,no_values,no_values,no_values,no_values,no_values,no_values,no_values,no_values,no_values,no_values,no_values,no_values,no_values,no_values,no_values,no_values,no_values,no_values,no_values,no_values,no_values,no_values,no_values,no_values,no_values,no_values,no_values,no_values,no_values,no_values,no_values,no_values,no_values,no_values,no_values,no_values,no_values,no_values,no_values,no_values,no_values,no_values,no_values,3,2,no_values,no_values,no_values,5,no_values,no_values,no_values,no_values,no_values,no_values,no_values,no_values,no_values,no_values,no_values,"3,6",no_values,no_values,no_values,no_values,no_values,no_values,no_values,no_values,no_values,"Suppose you want to read a digital document when you are at Starbucks with people you know (e.g., acquaintances, colleagues).",1
8,3508,R_s6j4DAxfZwULmhz,"1,2,3",1,2,2,no_values,1,no_values,2,no_values,1,no_values,1,no_values,2,1,no_values,3,no_values,2,no_values,3,no_values,2,no_values,1,no_values,4,no_values,no_values,no_values,no_values,no_values,no_values,no_values,no_values,no_values,no_values,no_values,no_values,no_values,no_values,no_values,no_values,no_values,no_values,no_values,no_values,no_values,no_values,no_values,no_values,no_values,2,no_values,1,no_values,2,no_values,1,no_values,1,no_values,2,1,3,no_values,1,no_values,3,no_values,2,no_values,1,no_values,1,no_values,no_values,no_values,no_values,no_values,no_values,no_values,no_values,no_values,no_values,no_values,no_values,no_values,no_values,no_values,no_values,no_values,no_values,no_values,no_values,no_values,no_values,no_values,no_values,no_values,no_values,no_values,no_values,no_values,no_values,no_values,no_values,no_values,no_values,no_values,no_values,no_values,no_values,no_values,no_values,no_values,no_values,no_values,no_values,no_values,no_values,no_values,no_values,no_values,no_values,no_values,no_values,no_values,no_values,no_values,no_values,no_values,no_values,no_values,no_values,no_values,no_values,no_values,no_values,no_values,no_values,no_values,no_values,no_values,no_values,no_values,no_values,no_values,no_values,no_values,no_values,no_values,no_values,no_values,no_values,no_values,no_values,no_values,no_values,no_values,no_values,no_values,no_values,no_values,no_values,no_values,no_values,no_values,no_values,no_values,no_values,no_values,2,2,no_values,no_values,no_values,3,no_values,no_values,no_values,no_values,no_values,no_values,no_values,no_values,no_values,no_values,no_values,3,no_values,no_values,no_values,no_values,no_values,no_values,no_values,no_values,no_values,"Suppose you want to control some devices/appliances (e.g., smart lights) when you are alone at home.",1
9,3916,R_3s4TphcBcfFC7PM,"2,3,4",1,4,3,no_values,5,no_values,2,no_values,1,no_values,1,no_values,2,2,no_values,3,no_values,1,no_values,3,no_values,2,no_values,5,no_values,2,no_values,no_values,no_values,no_values,no_values,no_values,no_values,no_values,no_values,no_values,no_values,no_values,no_values,no_values,no_values,no_values,no_values,no_values,no_values,no_values,no_values,no_values,no_values,no_values,no_values,no_values,no_values,no_values,no_values,no_values,no_values,no_values,no_values,no_values,no_values,no_values,no_values,no_values,no_values,no_values,no_values,no_values,no_values,no_values,no_values,no_values,no_values,no_values,no_values,no_values,no_values,no_values,no_values,no_values,no_values,no_values,no_values,no_values,no_values,no_values,no_values,no_values,no_values,no_values,no_values,no_values,no_values,no_values,no_values,no_values,no_values,no_values,no_values,3,no_values,5,no_values,3,no_values,1,no_values,1,no_values,1,1,1,no_values,1,no_values,3,no_values,3,no_values,5,no_values,2,no_values,no_values,no_values,no_values,no_values,no_values,no_values,no_values,no_values,no_values,no_values,no_values,no_values,no_values,no_values,no_values,no_values,no_values,no_values,no_values,no_values,no_values,no_values,no_values,no_values,no_values,no_values,no_values,no_values,no_values,no_values,no_values,no_values,no_values,no_values,no_values,no_values,no_values,no_values,no_values,no_values,no_values,no_values,no_values,no_values,no_values,no_values,no_values,no_values,2,2,no_values,no_values,no_values,no_values,no_values,no_values,no_values,1,no_values,no_values,no_values,no_values,no_values,no_values,no_values,no_values,no_values,no_values,no_values,3,no_values,no_values,no_values,no_values,no_values,"Suppose you are at home with some people you know (e.g., acquaintances, colleagues) when you realize today is the last day to pay one of your bills online.",1
10,31642,R_paC59QZKrFzf9AJ,"1,2,4",1,2,"4,5",no_values,1,no_values,"1,3",no_values,3,no_values,4,no_values,3,"1,2,3",no_values,3,no_values,2,no_values,6,no_values,2,no_values,"1,2,3",no_values,1,no_values,no_values,no_values,no_values,no_values,no_values,no_values,no_values,no_values,no_values,no_values,no_values,no_values,no_values,no_values,no_values,no_values,no_values,no_values,no_values,no_values,no_values,no_values,no_values,no_values,"2,3,5",no_values,1,no_values,"1,2,3",no_values,1,no_values,4,no_values,3,"1,2,3",3,no_values,2,no_values,3,no_values,2,no_values,"1,2,3",no_values,"1,2",no_values,no_values,no_values,no_values,no_values,no_values,no_values,no_values,no_values,no_values,no_values,no_values,no_values,no_values,no_values,no_values,no_values,no_values,no_values,no_values,no_values,no_values,no_values,no_values,no_values,no_values,no_values,no_values,no_values,no_values,no_values,no_values,no_values,no_values,no_values,no_values,no_values,no_values,no_values,no_values,no_values,no_values,no_values,no_values,no_values,no_values,no_values,no_values,no_values,no_values,no_values,no_values,no_values,no_values,no_values,no_values,no_values,no_values,no_values,no_values,no_values,no_values,no_values,no_values,no_values,no_values,no_values,no_values,no_values,no_values,no_values,no_values,no_values,no_values,no_values,no_values,no_values,no_values,no_values,no_values,no_values,no_values,no_values,no_values,no_values,no_values,no_values,no_values,no_values,no_values,no_values,no_values,no_values,no_values,no_values,no_values,no_values,3,2,no_values,no_values,no_values,3,no_values,no_values,no_values,no_values,no_values,no_values,no_values,no_values,no_values,no_values,no_values,3,no_values,no_values,no_values,no_values,no_values,no_values,no_values,no_values,no_values,"Suppose you want control some devices/appliances (e.g., smart lights) when you are with people you know (e.g., acquaintances, colleagues).",1
11,2682,R_3Rq5xg8Y5mPvovt,"1,2,3,4,5,6",1,"1,2,4,5","1,2",no_values,5,no_values,3,no_values,3,no_values,1,no_values,2,5,no_values,2,no_values,3,no_values,2,no_values,2,no_values,5,no_values,4,no_values,"2,4",no_values,1,no_values,"2,4",no_values,3,no_values,1,no_values,1,1,5,no_values,3,no_values,"2,3",no_values,2,no_values,5,no_values,4,no_values,"2,5",no_values,1,no_values,"3,4",no_values,1,no_values,1,no_values,1,5,5,no_values,3,no_values,"2,3",no_values,2,no_values,5,no_values,"1,2",no_values,no_values,no_values,no_values,no_values,no_values,no_values,no_values,no_values,no_values,no_values,no_values,no_values,no_values,no_values,no_values,no_values,no_values,no_values,no_values,no_values,no_values,no_values,no_values,no_values,2,no_values,1,no_values,3,no_values,1,no_values,1,no_values,1,5,5,no_values,3,no_values,3,no_values,2,no_values,5,no_values,4,no_values,1,no_values,5,no_values,4,no_values,1,no_values,"2,3,4",no_values,1,5,5,no_values,4,no_values,2,no_values,"1,3",no_values,5,no_values,4,no_values,no_values,no_values,no_values,no_values,no_values,no_values,no_values,no_values,no_values,no_values,no_values,no_values,no_values,no_values,no_values,no_values,no_values,no_values,no_values,no_values,no_values,no_values,no_values,no_values,2,2,no_values,5,no_values,5,no_values,no_values,no_values,5,no_values,5,no_values,no_values,no_values,"2,3",no_values,"2,3",no_values,no_values,no_values,3,no_values,2,no_values,no_values,no_values,"Suppose you want to call your mother for sharing an important update about your life when you are surrounded by people you know (e.g., acquaintances, colleagues) at your home.",1
12,84638,R_xurCMpsJJ8AHfmF,"1,2,3,4,5,6",1,"2,6","1,2",no_values,1,no_values,3,no_values,3,no_values,1,no_values,1,5,no_values,5,no_values,3,no_values,"2,3",no_values,"1,2",no_values,5,no_values,4,no_values,no_values,no_values,no_values,no_values,no_values,no_values,no_values,no_values,no_values,no_values,no_values,no_values,no_values,no_values,no_values,no_values,no_values,no_values,no_values,no_values,no_values,no_values,no_values,no_values,"1,2",no_values,5,no_values,3,no_values,3,no_values,1,no_values,1,5,5,no_values,3,no_values,3,no_values,2,no_values,3,no_values,4,no_values,no_values,no_values,no_values,no_values,no_values,no_values,no_values,no_values,no_values,no_values,no_values,no_values,no_values,no_values,no_values,no_values,no_values,no_values,no_values,no_values,no_values,no_values,no_values,no_values,no_values,no_values,no_values,no_values,no_values,no_values,no_values,no_values,no_values,no_values,no_values,no_values,no_values,no_values,no_values,no_values,no_values,no_values,no_values,no_values,no_values,no_values,no_values,no_values,no_values,no_values,no_values,no_values,no_values,no_values,no_values,no_values,no_values,no_values,no_values,no_values,no_values,no_values,no_values,no_values,no_values,no_values,no_values,no_values,no_values,no_values,no_values,no_values,"1,2",no_values,5,no_values,3,no_values,1,no_values,1,no_values,1,5,5,no_values,"2,3",no_values,"2,3",no_values,"2,3",no_values,5,no_values,4,no_values,1,"1,2",no_values,no_values,no_values,5,no_values,no_values,no_values,no_values,no_values,no_values,no_values,5,no_values,no_values,no_values,3,no_values,no_values,no_values,no_values,no_values,no_values,no_values,"2,3",no_values,"Suppose you want to a view a text message when you with people you know (e.g., acquaintances, colleagues) at a street.",1
13,73394,R_2b18sJIhCHQwZuY,"1,2,3,4,5,6",1,"2,6","1,2",no_values,5,no_values,"2,3",no_values,3,no_values,1,no_values,1,1,no_values,5,no_values,6,no_values,"2,3",no_values,2,no_values,5,no_values,4,no_values,no_values,no_values,no_values,no_values,no_values,no_values,no_values,no_values,no_values,no_values,no_values,no_values,no_values,no_values,no_values,no_values,no_values,no_values,no_values,no_values,no_values,no_values,no_values,no_values,"1,2",no_values,5,no_values,6,no_values,1,no_values,1,no_values,1,5,2,no_values,3,no_values,"2,3",no_values,2,no_values,5,no_values,4,no_values,no_values,no_values,no_values,no_values,no_values,no_values,no_values,no_values,no_values,no_values,no_values,no_values,no_values,no_values,no_values,no_values,no_values,no_values,no_values,no_values,no_values,no_values,no_values,no_values,no_values,no_values,no_values,no_values,no_values,no_values,no_values,no_values,no_values,no_values,no_values,no_values,no_values,no_values,no_values,no_values,no_values,no_values,no_values,no_values,no_values,no_values,no_values,no_values,no_values,no_values,no_values,no_values,no_values,no_values,no_values,no_values,no_values,no_values,no_values,no_values,no_values,no_values,no_values,no_values,no_values,no_values,no_values,no_values,no_values,no_values,no_values,no_values,"1,2",no_values,5,no_values,"1,2",no_values,3,no_values,1,no_values,1,5,5,no_values,"2,3",no_values,"2,3",no_values,2,no_values,5,no_values,4,no_values,1,2,no_values,no_values,no_values,2,no_values,no_values,no_values,no_values,no_values,no_values,no_values,5,no_values,no_values,no_values,"2,3",no_values,no_values,no_values,no_values,no_values,no_values,no_values,"2,3",no_values,"Suppose you want to a send a text message when you with people you know (e.g., acquaintances, colleagues) at a street.",1
14,5697,R_3NEh2g1Eaes8P6d,"1,2,3,4,5,6",1,"2,6",2,no_values,1,no_values,6,no_values,1,no_values,1,no_values,1,1,no_values,5,no_values,3,no_values,"2,3",no_values,"1,2",no_values,5,no_values,4,no_values,no_values,no_values,no_values,no_values,no_values,no_values,no_values,no_values,no_values,no_values,no_values,no_values,no_values,no_values,no_values,no_values,no_values,no_values,no_values,no_values,no_values,no_values,no_values,no_values,2,no_values,1,no_values,3,no_values,1,no_values,1,no_values,1,5,5,no_values,3,no_values,"1,2,3",no_values,2,no_values,5,no_values,4,no_values,no_values,no_values,no_values,no_values,no_values,no_values,no_values,no_values,no_values,no_values,no_values,no_values,no_values,no_values,no_values,no_values,no_values,no_values,no_values,no_values,no_values,no_values,no_values,no_values,no_values,no_values,no_values,no_values,no_values,no_values,no_values,no_values,no_values,no_values,no_values,no_values,no_values,no_values,no_values,no_values,no_values,no_values,no_values,no_values,no_values,no_values,no_values,no_values,no_values,no_values,no_values,no_values,no_values,no_values,no_values,no_values,no_values,no_values,no_values,no_values,no_values,no_values,no_values,no_values,no_values,no_values,no_values,no_values,no_values,no_values,no_values,no_values,2,no_values,5,no_values,6,no_values,1,no_values,1,no_values,1,5,5,no_values,3,no_values,"2,3",no_values,"1,2",no_values,5,no_values,4,no_values,1,"1,2",no_values,no_values,no_values,5,no_values,no_values,no_values,no_values,no_values,no_values,no_values,5,no_values,no_values,no_values,"1,2,3",no_values,no_values,no_values,no_values,no_values,no_values,no_values,"2,3",no_values,Suppose you want to find a route to home when you are alone at Starbucks.,1
15,97373,R_ZkQYHoCL3uPpzgd,"1,2,3,4,5,6",1,"2,4,5,6",2,no_values,5,no_values,2,no_values,3,no_values,1,no_values,1,5,no_values,2,no_values,3,no_values,3,no_values,"1,2",no_values,1,no_values,4,no_values,no_values,no_values,no_values,no_values,no_values,no_values,no_values,no_values,no_values,no_values,no_values,no_values,no_values,no_values,no_values,no_values,no_values,no_values,no_values,no_values,no_values,no_values,no_values,no_values,"1,2",no_values,1,no_values,2,no_values,3,no_values,1,no_values,1,"1,2",5,no_values,3,no_values,"2,3",no_values,2,no_values,5,no_values,4,no_values,no_values,no_values,no_values,no_values,no_values,no_values,no_values,no_values,no_values,no_values,no_values,no_values,no_values,no_values,no_values,no_values,no_values,no_values,no_values,no_values,no_values,no_values,no_values,no_values,2,no_values,1,no_values,"2,3",no_values,1,no_values,1,no_values,1,5,5,no_values,3,no_values,3,no_values,2,no_values,5,no_values,4,no_values,1,no_values,2,no_values,4,no_values,3,no_values,"2,3,4",no_values,"1,2",5,1,no_values,4,no_values,2,no_values,3,no_values,5,no_values,4,no_values,"1,2",no_values,1,no_values,"2,3",no_values,3,no_values,1,no_values,1,5,5,no_values,3,no_values,"2,3",no_values,2,no_values,5,no_values,4,no_values,1,"1,2",no_values,no_values,no_values,5,no_values,no_values,no_values,5,no_values,1,no_values,5,no_values,no_values,no_values,"2,3",no_values,no_values,no_values,3,no_values,2,no_values,"2,3",no_values,"Suppose you want to a view a text message when you are surrounded by people you know (e.g., acquaintances, colleagues) at your home.",1
16,99709,R_3G1WdZkghJNzeuL,"1,2,3,4,5",1,2,"1,2,5",no_values,"1,2",no_values,"1,2,3,4",no_values,1,no_values,1,no_values,"2,3","1,2,3",no_values,"1,2,3",no_values,"1,2,4",no_values,"1,2,3,4",no_values,"1,2,3",no_values,"1,2,3",no_values,"1,2",no_values,no_values,no_values,no_values,no_values,no_values,no_values,no_values,no_values,no_values,no_values,no_values,no_values,no_values,no_values,no_values,no_values,no_values,no_values,no_values,no_values,no_values,no_values,no_values,no_values,"1,2,3,4,5",no_values,"1,2,3",no_values,"1,2,3,4",no_values,1,no_values,1,no_values,"2,3","1,2,3","1,2,3",no_values,"1,2,4",no_values,"1,2,3,4",no_values,"1,2,3",no_values,"1,2,3",no_values,"1,2",no_values,no_values,no_values,no_values,no_values,no_values,no_values,no_values,no_values,no_values,no_values,no_values,no_values,no_values,no_values,no_values,no_values,no_values,no_values,no_values,no_values,no_values,no_values,no_values,no_values,no_values,no_values,no_values,no_values,no_values,no_values,no_values,no_values,no_values,no_values,no_values,no_values,no_values,no_values,no_values,no_values,no_values,no_values,no_values,no_values,no_values,no_values,no_values,no_values,no_values,no_values,no_values,no_values,no_values,no_values,no_values,no_values,no_values,no_values,no_values,no_values,no_values,no_values,no_values,no_values,no_values,no_values,no_values,no_values,no_values,no_values,no_values,no_values,no_values,no_values,no_values,no_values,no_values,no_values,no_values,no_values,no_values,no_values,no_values,no_values,no_values,no_values,no_values,no_values,no_values,no_values,no_values,no_values,no_values,no_values,no_values,no_values,"2,3","1,2,3",no_values,no_values,no_values,"1,2,3",no_values,no_values,no_values,no_values,no_values,no_values,no_values,no_values,no_values,no_values,no_values,"1,2,3,4",no_values,no_values,no_values,no_values,no_values,no_values,no_values,no_values,no_values,Suppose you want to a view a text message when you are alone at a street.,1
17,70869,R_9KTSDQzvCRClr7H,"1,2,3,4,5,6",1,6,2,no_values,1,no_values,2,no_values,3,no_values,1,no_values,1,1,no_values,2,no_values,3,no_values,"2,3",no_values,"1,2",no_values,1,no_values,4,no_values,no_values,no_values,no_values,no_values,no_values,no_values,no_values,no_values,no_values,no_values,no_values,no_values,no_values,no_values,no_values,no_values,no_values,no_values,no_values,no_values,no_values,no_values,no_values,no_values,no_values,no_values,no_values,no_values,no_values,no_values,no_values,no_values,no_values,no_values,no_values,no_values,no_values,no_values,no_values,no_values,no_values,no_values,no_values,no_values,no_values,no_values,no_values,no_values,no_values,no_values,no_values,no_values,no_values,no_values,no_values,no_values,no_values,no_values,no_values,no_values,no_values,no_values,no_values,no_values,no_values,no_values,no_values,no_values,no_values,no_values,no_values,no_values,no_values,no_values,no_values,no_values,no_values,no_values,no_values,no_values,no_values,no_values,no_values,no_values,no_values,no_values,no_values,no_values,no_values,no_values,no_values,no_values,no_values,no_values,no_values,no_values,no_values,no_values,no_values,no_values,no_values,no_values,no_values,no_values,no_values,no_values,no_values,no_values,no_values,no_values,no_values,no_values,no_values,no_values,no_values,no_values,no_values,no_values,no_values,no_values,2,no_values,5,no_values,2,no_values,1,no_values,2,no_values,1,"1,2","2,3",no_values,3,no_values,"3,4",no_values,2,no_values,1,no_values,2,no_values,1,"1,2",no_values,no_values,no_values,no_values,no_values,no_values,no_values,no_values,no_values,no_values,no_values,"2,3",no_values,no_values,no_values,no_values,no_values,no_values,no_values,no_values,no_values,no_values,no_values,"3,4",no_values,"Suppose it is a regular working day, you want to track the total amount of calories you consume and burn off during the day.",1
18,30918,R_XtciWgrzZRwKWs1,"1,2,3,4,6",1,2,"2,5",no_values,1,no_values,1,no_values,1,no_values,3,no_values,3,2,no_values,3,no_values,2,no_values,"1,3",no_values,2,no_values,3,no_values,"1,2",no_values,no_values,no_values,no_values,no_values,no_values,no_values,no_values,no_values,no_values,no_values,no_values,no_values,no_values,no_values,no_values,no_values,no_values,no_values,no_values,no_values,no_values,no_values,no_values,no_values,2,no_values,3,no_values,1,no_values,1,no_values,2,no_values,3,2,3,no_values,1,no_values,"1,3",no_values,2,no_values,3,no_values,2,no_values,no_values,no_values,no_values,no_values,no_values,no_values,no_values,no_values,no_values,no_values,no_values,no_values,no_values,no_values,no_values,no_values,no_values,no_values,no_values,no_values,no_values,no_values,no_values,no_values,no_values,no_values,no_values,no_values,no_values,no_values,no_values,no_values,no_values,no_values,no_values,no_values,no_values,no_values,no_values,no_values,no_values,no_values,no_values,no_values,no_values,no_values,no_values,no_values,no_values,no_values,no_values,no_values,no_values,no_values,no_values,no_values,no_values,no_values,no_values,no_values,no_values,no_values,no_values,no_values,no_values,no_values,no_values,no_values,no_values,no_values,no_values,no_values,no_values,no_values,no_values,no_values,no_values,no_values,no_values,no_values,no_values,no_values,no_values,no_values,no_values,no_values,no_values,no_values,no_values,no_values,no_values,no_values,no_values,no_values,no_values,no_values,3,2,no_values,no_values,no_values,3,no_values,no_values,no_values,no_values,no_values,no_values,no_values,no_values,no_values,no_values,no_values,"1,3",no_values,no_values,no_values,no_values,no_values,no_values,no_values,no_values,no_values,"Suppose you want to a send a text message when you are surrounded by people you know (e.g., acquaintances, colleagues) at your home.",1
19,95821,R_2wSGZKylZAFgWFt,"1,2,4",1,2,2,no_values,1,no_values,1,no_values,1,no_values,1,no_values,2,1,no_values,5,no_values,3,no_values,3,no_values,2,no_values,1,no_values,"1,2",no_values,no_values,no_values,no_values,no_values,no_values,no_values,no_values,no_values,no_values,no_values,no_values,no_values,no_values,no_values,no_values,no_values,no_values,no_values,no_values,no_values,no_values,no_values,no_values,no_values,2,no_values,1,no_values,1,no_values,1,no_values,1,no_values,2,1,5,no_values,3,no_values,3,no_values,2,no_values,1,no_values,"1,2",no_values,no_values,no_values,no_values,no_values,no_values,no_values,no_values,no_values,no_values,no_values,no_values,no_values,no_values,no_values,no_values,no_values,no_values,no_values,no_values,no_values,no_values,no_values,no_values,no_values,no_values,no_values,no_values,no_values,no_values,no_values,no_values,no_values,no_values,no_values,no_values,no_values,no_values,no_values,no_values,no_values,no_values,no_values,no_values,no_values,no_values,no_values,no_values,no_values,no_values,no_values,no_values,no_values,no_values,no_values,no_values,no_values,no_values,no_values,no_values,no_values,no_values,no_values,no_values,no_values,no_values,no_values,no_values,no_values,no_values,no_values,no_values,no_values,no_values,no_values,no_values,no_values,no_values,no_values,no_values,no_values,no_values,no_values,no_values,no_values,no_values,no_values,no_values,no_values,no_values,no_values,no_values,no_values,no_values,no_values,no_values,no_values,2,2,no_values,no_values,no_values,5,no_values,no_values,no_values,no_values,no_values,no_values,no_values,no_values,no_values,no_values,no_values,3,no_values,no_values,no_values,no_values,no_values,no_values,no_values,no_values,no_values,"Suppose you want control some devices/appliances (e.g., smart lights) when you are with people you know (e.g., acquaintances, colleagues).",1
20,35805,R_Pv8F82XthL1VzQl,"1,2,3,5,6",1,2,2,no_values,1,no_values,3,no_values,1,no_values,1,no_values,2,"2,3",no_values,"1,3",no_values,4,no_values,"1,2,3",no_values,2,no_values,1,no_values,2,no_values,no_values,no_values,no_values,no_values,no_values,no_values,no_values,no_values,no_values,no_values,no_values,no_values,no_values,no_values,no_values,no_values,no_values,no_values,no_values,no_values,no_values,no_values,no_values,no_values,"1,2",no_values,1,no_values,"2,3",no_values,1,no_values,1,no_values,2,"1,2",2,no_values,"2,3",no_values,"2,3,4",no_values,1,no_values,"1,2",no_values,2,no_values,no_values,no_values,no_values,no_values,no_values,no_values,no_values,no_values,no_values,no_values,no_values,no_values,no_values,no_values,no_values,no_values,no_values,no_values,no_values,no_values,no_values,no_values,no_values,no_values,no_values,no_values,no_values,no_values,no_values,no_values,no_values,no_values,no_values,no_values,no_values,no_values,no_values,no_values,no_values,no_values,no_values,no_values,no_values,no_values,no_values,no_values,no_values,no_values,no_values,no_values,no_values,no_values,no_values,no_values,no_values,no_values,no_values,no_values,no_values,no_values,no_values,no_values,no_values,no_values,no_values,no_values,no_values,no_values,no_values,no_values,no_values,no_values,no_values,no_values,no_values,no_values,no_values,no_values,no_values,no_values,no_values,no_values,no_values,no_values,no_values,no_values,no_values,no_values,no_values,no_values,no_values,no_values,no_values,no_values,no_values,no_values,2,2,no_values,no_values,no_values,2,no_values,no_values,no_values,no_values,no_values,no_values,no_values,no_values,no_values,no_values,no_values,"2,3,4",no_values,no_values,no_values,no_values,no_values,no_values,no_values,no_values,no_values,Suppose you want to browse internet when you are with your close friends at a restaurant.,1
21,47036,R_3kbwbiUSF9XXmIO,"1,2,3,4,5,6",1,"2,4,6","1,2",no_values,1,no_values,3,no_values,1,no_values,1,no_values,1,3,no_values,5,no_values,3,no_values,"2,3",no_values,"1,2",no_values,"1,3",no_values,4,no_values,no_values,no_values,no_values,no_values,no_values,no_values,no_values,no_values,no_values,no_values,no_values,no_values,no_values,no_values,no_values,no_values,no_values,no_values,no_values,no_values,no_values,no_values,no_values,no_values,2,no_values,5,no_values,3,no_values,1,no_values,1,no_values,1,1,5,no_values,3,no_values,3,no_values,2,no_values,"1,3",no_values,1,no_values,no_values,no_values,no_values,no_values,no_values,no_values,no_values,no_values,no_values,no_values,no_values,no_values,no_values,no_values,no_values,no_values,no_values,no_values,no_values,no_values,no_values,no_values,no_values,no_values,2,no_values,5,no_values,1,no_values,1,no_values,1,no_values,1,5,5,no_values,3,no_values,3,no_values,5,no_values,1,no_values,4,no_values,no_values,no_values,no_values,no_values,no_values,no_values,no_values,no_values,no_values,no_values,no_values,no_values,no_values,no_values,no_values,no_values,no_values,no_values,no_values,no_values,no_values,no_values,no_values,no_values,2,no_values,5,no_values,2,no_values,1,no_values,1,no_values,1,3,2,no_values,3,no_values,"2,3",no_values,2,no_values,1,no_values,1,no_values,1,"1,2",no_values,no_values,no_values,5,no_values,no_values,no_values,5,no_values,no_values,no_values,2,no_values,no_values,no_values,3,no_values,no_values,no_values,3,no_values,no_values,no_values,"2,3",no_values,Suppose you want to take a click a photo when you are at Starbucks.,1
22,35942,R_3M5QtrDHHmyJuSc,"1,2,3,4,5",1,"2,4","1,2",no_values,3,no_values,2,no_values,1,no_values,3,no_values,2,"1,2",no_values,1,no_values,2,no_values,3,no_values,"2,3",no_values,1,no_values,"1,2",no_values,no_values,no_values,no_values,no_values,no_values,no_values,no_values,no_values,no_values,no_values,no_values,no_values,no_values,no_values,no_values,no_values,no_values,no_values,no_values,no_values,no_values,no_values,no_values,no_values,2,no_values,1,no_values,1,no_values,1,no_values,3,no_values,2,"1,2",1,no_values,2,no_values,"2,3",no_values,1,no_values,1,no_values,2,no_values,no_values,no_values,no_values,no_values,no_values,no_values,no_values,no_values,no_values,no_values,no_values,no_values,no_values,no_values,no_values,no_values,no_values,no_values,no_values,no_values,no_values,no_values,no_values,no_values,2,no_values,1,no_values,3,no_values,1,no_values,3,no_values,2,"1,2",1,no_values,2,no_values,"2,3",no_values,2,no_values,1,no_values,2,no_values,no_values,no_values,no_values,no_values,no_values,no_values,no_values,no_values,no_values,no_values,no_values,no_values,no_values,no_values,no_values,no_values,no_values,no_values,no_values,no_values,no_values,no_values,no_values,no_values,no_values,no_values,no_values,no_values,no_values,no_values,no_values,no_values,no_values,no_values,no_values,no_values,no_values,no_values,no_values,no_values,no_values,no_values,no_values,no_values,no_values,no_values,no_values,no_values,2,"2,3",no_values,no_values,no_values,1,no_values,no_values,no_values,1,no_values,no_values,no_values,no_values,no_values,no_values,no_values,"2,3",no_values,no_values,no_values,"2,3",no_values,no_values,no_values,no_values,no_values,"Suppose you are alone at home, you want to take a break from studying/working so you decide to play an online/digital game.",1
23,22305,R_erghknoqomgeEc9,"1,2,3,4,5,6",1,"1,3,4,5","1,2",no_values,5,no_values,"2,3,4",no_values,3,no_values,1,no_values,4,5,no_values,5,no_values,"3,4",no_values,3,no_values,"1,2,3",no_values,5,no_values,4,no_values,4,no_values,5,no_values,3,no_values,3,no_values,1,no_values,4,5,5,no_values,6,no_values,3,no_values,"1,2",no_values,5,no_values,4,no_values,no_values,no_values,no_values,no_values,no_values,no_values,no_values,no_values,no_values,no_values,no_values,no_values,no_values,no_values,no_values,no_values,no_values,no_values,no_values,no_values,no_values,no_values,no_values,no_values,4,no_values,3,no_values,"1,3",no_values,3,no_values,1,no_values,4,5,5,no_values,3,no_values,3,no_values,2,no_values,3,no_values,4,no_values,3,no_values,5,no_values,3,no_values,1,no_values,1,no_values,4,5,5,no_values,3,no_values,3,no_values,2,no_values,5,no_values,4,no_values,"3,4",no_values,5,no_values,3,no_values,3,no_values,3,no_values,1,5,5,no_values,3,no_values,3,no_values,2,no_values,5,no_values,4,no_values,no_values,no_values,no_values,no_values,no_values,no_values,no_values,no_values,no_values,no_values,no_values,no_values,no_values,no_values,no_values,no_values,no_values,no_values,no_values,no_values,no_values,no_values,no_values,no_values,4,"1,2,3",no_values,5,no_values,no_values,no_values,5,no_values,5,no_values,5,no_values,no_values,no_values,3,no_values,no_values,no_values,3,no_values,3,no_values,3,no_values,no_values,no_values,Suppose you want to read a digital document when you are alone at home.,1
24,70396,R_3HizvlrCVP5pDWa,"1,2,3,4,5,6",1,6,2,no_values,5,no_values,"1,2",no_values,3,no_values,1,no_values,1,"2,3",no_values,2,no_values,3,no_values,3,no_values,"1,2",no_values,5,no_values,4,no_values,no_values,no_values,no_values,no_values,no_values,no_values,no_values,no_values,no_values,no_values,no_values,no_values,no_values,no_values,no_values,no_values,no_values,no_values,no_values,no_values,no_values,no_values,no_values,no_values,no_values,no_values,no_values,no_values,no_values,no_values,no_values,no_values,no_values,no_values,no_values,no_values,no_values,no_values,no_values,no_values,no_values,no_values,no_values,no_values,no_values,no_values,no_values,no_values,no_values,no_values,no_values,no_values,no_values,no_values,no_values,no_values,no_values,no_values,no_values,no_values,no_values,no_values,no_values,no_values,no_values,no_values,no_values,no_values,no_values,no_values,no_values,no_values,no_values,no_values,no_values,no_values,no_values,no_values,no_values,no_values,no_values,no_values,no_values,no_values,no_values,no_values,no_values,no_values,no_values,no_values,no_values,no_values,no_values,no_values,no_values,no_values,no_values,no_values,no_values,no_values,no_values,no_values,no_values,no_values,no_values,no_values,no_values,no_values,no_values,no_values,no_values,no_values,no_values,no_values,no_values,no_values,no_values,no_values,no_values,no_values,2,no_values,5,no_values,"2,3",no_values,3,no_values,1,no_values,1,3,5,no_values,3,no_values,3,no_values,2,no_values,3,no_values,4,no_values,1,"1,2",no_values,no_values,no_values,no_values,no_values,no_values,no_values,no_values,no_values,no_values,no_values,5,no_values,no_values,no_values,no_values,no_values,no_values,no_values,no_values,no_values,no_values,no_values,3,no_values,"Suppose you have planned to meet a friend next week and you want put this on your calendar when you with people you know (e.g., acquaintances, colleagues) at a park",1
25,92868,R_DpFDdTKkChayOjf,"1,2,3,4,5,6",1,"1,3,4,5,6",2,no_values,5,no_values,2,no_values,3,no_values,1,no_values,1,5,no_values,5,no_values,3,no_values,"2,3",no_values,"1,2",no_values,2,no_values,4,no_values,1,no_values,5,no_values,1,no_values,1,no_values,1,no_values,1,1,5,no_values,3,no_values,3,no_values,2,no_values,1,no_values,4,no_values,no_values,no_values,no_values,no_values,no_values,no_values,no_values,no_values,no_values,no_values,no_values,no_values,no_values,no_values,no_values,no_values,no_values,no_values,no_values,no_values,no_values,no_values,no_values,no_values,4,no_values,5,no_values,"1,2",no_values,1,no_values,1,no_values,1,"1,2",5,no_values,"2,3",no_values,3,no_values,"1,2",no_values,5,no_values,4,no_values,"2,3",no_values,1,no_values,1,no_values,1,no_values,1,no_values,1,3,5,no_values,3,no_values,3,no_values,2,no_values,"1,3",no_values,"1,2",no_values,1,no_values,5,no_values,1,no_values,3,no_values,"3,4",no_values,1,5,5,no_values,"2,3",no_values,2,no_values,"2,3",no_values,1,no_values,4,no_values,2,no_values,1,no_values,3,no_values,1,no_values,1,no_values,1,5,5,no_values,6,no_values,3,no_values,2,no_values,5,no_values,4,no_values,1,"1,2",no_values,5,no_values,no_values,no_values,5,no_values,5,no_values,5,no_values,5,no_values,3,no_values,no_values,no_values,3,no_values,3,no_values,2,no_values,3,no_values,"Suppose you want to purchase something online when you are with people you are close to (e.g., friends, family members) at home.",1
26,71148,R_3rUFwmCKs7twgPA,"1,2,3,4,5,6",1,2,"2,4",no_values,1,no_values,2,no_values,1,no_values,1,no_values,3,2,no_values,5,no_values,2,no_values,7,no_values,2,no_values,1,no_values,1,no_values,no_values,no_values,no_values,no_values,no_values,no_values,no_values,no_values,no_values,no_values,no_values,no_values,no_values,no_values,no_values,no_values,no_values,no_values,no_values,no_values,no_values,no_values,no_values,no_values,7,no_values,5,no_values,6,no_values,1,no_values,6,no_values,4,5,5,no_values,6,no_values,7,no_values,5,no_values,5,no_values,4,no_values,no_values,no_values,no_values,no_values,no_values,no_values,no_values,no_values,no_values,no_values,no_values,no_values,no_values,no_values,no_values,no_values,no_values,no_values,no_values,no_values,no_values,no_values,no_values,no_values,no_values,no_values,no_values,no_values,no_values,no_values,no_values,no_values,no_values,no_values,no_values,no_values,no_values,no_values,no_values,no_values,no_values,no_values,no_values,no_values,no_values,no_values,no_values,no_values,no_values,no_values,no_values,no_values,no_values,no_values,no_values,no_values,no_values,no_values,no_values,no_values,no_values,no_values,no_values,no_values,no_values,no_values,no_values,no_values,no_values,no_values,no_values,no_values,no_values,no_values,no_values,no_values,no_values,no_values,no_values,no_values,no_values,no_values,no_values,no_values,no_values,no_values,no_values,no_values,no_values,no_values,no_values,no_values,no_values,no_values,no_values,no_values,3,2,no_values,no_values,no_values,5,no_values,no_values,no_values,no_values,no_values,no_values,no_values,no_values,no_values,no_values,no_values,7,no_values,no_values,no_values,no_values,no_values,no_values,no_values,no_values,no_values,"Suppose you want to a send an email when you are surrounded by people you know (e.g., acquaintances, colleagues) at a restaurant.",1
27,66715,R_1hSgkSTSsjo6R1o,"1,2,3,4,5,6",1,"1,4,5,6",7,no_values,1,no_values,"2,3",no_values,1,no_values,1,no_values,1,1,no_values,2,no_values,"2,3",no_values,"2,3",no_values,"1,2",no_values,5,no_values,4,no_values,4,no_values,5,no_values,3,no_values,3,no_values,1,no_values,1,5,5,no_values,"1,3",no_values,3,no_values,2,no_values,5,no_values,4,no_values,no_values,no_values,no_values,no_values,no_values,no_values,no_values,no_values,no_values,no_values,no_values,no_values,no_values,no_values,no_values,no_values,no_values,no_values,no_values,no_values,no_values,no_values,no_values,no_values,no_values,no_values,no_values,no_values,no_values,no_values,no_values,no_values,no_values,no_values,no_values,no_values,no_values,no_values,no_values,no_values,no_values,no_values,no_values,no_values,no_values,no_values,no_values,no_values,2,no_values,1,no_values,3,no_values,1,no_values,1,no_values,1,5,5,no_values,3,no_values,3,no_values,2,no_values,5,no_values,4,no_values,1,no_values,5,no_values,4,no_values,1,no_values,"2,3,4",no_values,1,3,1,no_values,3,no_values,2,no_values,2,no_values,5,no_values,4,no_values,2,no_values,5,no_values,6,no_values,1,no_values,1,no_values,1,5,5,no_values,3,no_values,"2,3",no_values,2,no_values,1,no_values,4,no_values,1,"1,2",no_values,5,no_values,no_values,no_values,no_values,no_values,5,no_values,1,no_values,5,no_values,3,no_values,no_values,no_values,no_values,no_values,3,no_values,2,no_values,"2,3",no_values,"Suppose you want to set up a reminder when you are with people you know (e.g., acquaintances, colleagues) at your home.",1
28,36483,R_1eQScKXYeUwbkjg,"1,2,3,4,5,6",1,"4,6",3,no_values,1,no_values,3,no_values,3,no_values,1,no_values,1,1,no_values,5,no_values,3,no_values,2,no_values,"1,2",no_values,1,no_values,4,no_values,no_values,no_values,no_values,no_values,no_values,no_values,no_values,no_values,no_values,no_values,no_values,no_values,no_values,no_values,no_values,no_values,no_values,no_values,no_values,no_values,no_values,no_values,no_values,no_values,no_values,no_values,no_values,no_values,no_values,no_values,no_values,no_values,no_values,no_values,no_values,no_values,no_values,no_values,no_values,no_values,no_values,no_values,no_values,no_values,no_values,no_values,no_values,no_values,no_values,no_values,no_values,no_values,no_values,no_values,no_values,no_values,no_values,no_values,no_values,no_values,no_values,no_values,no_values,no_values,no_values,no_values,no_values,no_values,no_values,no_values,no_values,no_values,"2,3",no_values,5,no_values,3,no_values,3,no_values,1,no_values,1,2,5,no_values,3,no_values,"2,3",no_values,2,no_values,5,no_values,4,no_values,no_values,no_values,no_values,no_values,no_values,no_values,no_values,no_values,no_values,no_values,no_values,no_values,no_values,no_values,no_values,no_values,no_values,no_values,no_values,no_values,no_values,no_values,no_values,no_values,2,no_values,5,no_values,"2,3",no_values,1,no_values,1,no_values,1,3,5,no_values,3,no_values,3,no_values,2,no_values,5,no_values,4,no_values,1,"1,2",no_values,no_values,no_values,no_values,no_values,no_values,no_values,5,no_values,no_values,no_values,5,no_values,no_values,no_values,no_values,no_values,no_values,no_values,"2,3",no_values,no_values,no_values,3,no_values,Suppose you want to a send an email when you are at Starbucks.,1
29,16845,R_23dCtnffJ7ZMNGY,"1,2,3,4,5,6",1,"2,4,5,6",2,no_values,5,no_values,"2,3",no_values,3,no_values,1,no_values,1,5,no_values,"1,3",no_values,3,no_values,"2,3",no_values,"1,2",no_values,1,no_values,4,no_values,no_values,no_values,no_values,no_values,no_values,no_values,no_values,no_values,no_values,no_values,no_values,no_values,no_values,no_values,no_values,no_values,no_values,no_values,no_values,no_values,no_values,no_values,no_values,no_values,2,no_values,1,no_values,1,no_values,1,no_values,1,no_values,1,1,5,no_values,3,no_values,"2,3",no_values,2,no_values,5,no_values,4,no_values,no_values,no_values,no_values,no_values,no_values,no_values,no_values,no_values,no_values,no_values,no_values,no_values,no_values,no_values,no_values,no_values,no_values,no_values,no_values,no_values,no_values,no_values,no_values,no_values,2,no_values,1,no_values,"2,3",no_values,1,no_values,1,no_values,1,2,5,no_values,3,no_values,3,no_values,2,no_values,5,no_values,4,no_values,2,no_values,2,no_values,2,no_values,1,no_values,3,no_values,2,5,"1,2",no_values,4,no_values,2,no_values,3,no_values,5,no_values,4,no_values,2,no_values,3,no_values,1,no_values,1,no_values,1,no_values,1,5,2,no_values,3,no_values,"2,3",no_values,2,no_values,5,no_values,4,no_values,1,"1,2",no_values,no_values,no_values,5,no_values,no_values,no_values,5,no_values,"1,2",no_values,2,no_values,no_values,no_values,"2,3",no_values,no_values,no_values,3,no_values,2,no_values,"2,3",no_values,"Suppose you want to a send a text message when you are surrounded with people you are close to (e.g., friends, family members) at your home.",1
30,90984,R_xbjXctfeSYdGNl7,"1,2,3,4,5,6",1,6,2,no_values,3,no_values,2,no_values,1,no_values,1,no_values,1,1,no_values,5,no_values,3,no_values,3,no_values,"1,2",no_values,1,no_values,4,no_values,no_values,no_values,no_values,no_values,no_values,no_values,no_values,no_values,no_values,no_values,no_values,no_values,no_values,no_values,no_values,no_values,no_values,no_values,no_values,no_values,no_values,no_values,no_values,no_values,no_values,no_values,no_values,no_values,no_values,no_values,no_values,no_values,no_values,no_values,no_values,no_values,no_values,no_values,no_values,no_values,no_values,no_values,no_values,no_values,no_values,no_values,no_values,no_values,no_values,no_values,no_values,no_values,no_values,no_values,no_values,no_values,no_values,no_values,no_values,no_values,no_values,no_values,no_values,no_values,no_values,no_values,no_values,no_values,no_values,no_values,no_values,no_values,no_values,no_values,no_values,no_values,no_values,no_values,no_values,no_values,no_values,no_values,no_values,no_values,no_values,no_values,no_values,no_values,no_values,no_values,no_values,no_values,no_values,no_values,no_values,no_values,no_values,no_values,no_values,no_values,no_values,no_values,no_values,no_values,no_values,no_values,no_values,no_values,no_values,no_values,no_values,no_values,no_values,no_values,no_values,no_values,no_values,no_values,no_values,no_values,2,no_values,5,no_values,3,no_values,1,no_values,1,no_values,1,5,2,no_values,3,no_values,3,no_values,2,no_values,5,no_values,4,no_values,1,"1,2",no_values,no_values,no_values,no_values,no_values,no_values,no_values,no_values,no_values,no_values,no_values,2,no_values,no_values,no_values,no_values,no_values,no_values,no_values,no_values,no_values,no_values,no_values,3,no_values,"Suppose you want to find a route to home while walking on a street with people you know (e.g., acquaintances, colleagues).",1
31,79489,R_2Qu5b5wHjMogmOZ,"1,2,4,5,6",1,"2,4",2,no_values,1,no_values,2,no_values,3,no_values,1,no_values,1,1,no_values,2,no_values,3,no_values,3,no_values,"1,2",no_values,5,no_values,4,no_values,no_values,no_values,no_values,no_values,no_values,no_values,no_values,no_values,no_values,no_values,no_values,no_values,no_values,no_values,no_values,no_values,no_values,no_values,no_values,no_values,no_values,no_values,no_values,no_values,2,no_values,3,no_values,1,no_values,1,no_values,1,no_values,1,"1,2,3",2,no_values,3,no_values,"2,3",no_values,2,no_values,5,no_values,4,no_values,no_values,no_values,no_values,no_values,no_values,no_values,no_values,no_values,no_values,no_values,no_values,no_values,no_values,no_values,no_values,no_values,no_values,no_values,no_values,no_values,no_values,no_values,no_values,no_values,2,no_values,1,no_values,6,no_values,1,no_values,1,no_values,1,3,2,no_values,3,no_values,3,no_values,2,no_values,5,no_values,4,no_values,no_values,no_values,no_values,no_values,no_values,no_values,no_values,no_values,no_values,no_values,no_values,no_values,no_values,no_values,no_values,no_values,no_values,no_values,no_values,no_values,no_values,no_values,no_values,no_values,no_values,no_values,no_values,no_values,no_values,no_values,no_values,no_values,no_values,no_values,no_values,no_values,no_values,no_values,no_values,no_values,no_values,no_values,no_values,no_values,no_values,no_values,no_values,no_values,1,"1,2",no_values,no_values,no_values,2,no_values,no_values,no_values,2,no_values,no_values,no_values,no_values,no_values,no_values,no_values,"2,3",no_values,no_values,no_values,3,no_values,no_values,no_values,no_values,no_values,"Suppose you want to browse the internet when you are with people you know (e.g., acquaintances, colleagues) at a restaurant.",1
32,70257,R_3qsbwKGUlkDCxmF,"1,2,4,5,6",1,"1,4",7,no_values,1,no_values,"1,2",no_values,3,no_values,1,no_values,1,"1,2",no_values,2,no_values,"1,2,3",no_values,3,no_values,2,no_values,3,no_values,2,no_values,4,no_values,1,no_values,3,no_values,3,no_values,1,no_values,1,3,5,no_values,3,no_values,3,no_values,2,no_values,5,no_values,4,no_values,no_values,no_values,no_values,no_values,no_values,no_values,no_values,no_values,no_values,no_values,no_values,no_values,no_values,no_values,no_values,no_values,no_values,no_values,no_values,no_values,no_values,no_values,no_values,no_values,no_values,no_values,no_values,no_values,no_values,no_values,no_values,no_values,no_values,no_values,no_values,no_values,no_values,no_values,no_values,no_values,no_values,no_values,no_values,no_values,no_values,no_values,no_values,no_values,2,no_values,1,no_values,3,no_values,1,no_values,1,no_values,1,1,5,no_values,3,no_values,"2,3",no_values,"1,2",no_values,3,no_values,4,no_values,no_values,no_values,no_values,no_values,no_values,no_values,no_values,no_values,no_values,no_values,no_values,no_values,no_values,no_values,no_values,no_values,no_values,no_values,no_values,no_values,no_values,no_values,no_values,no_values,no_values,no_values,no_values,no_values,no_values,no_values,no_values,no_values,no_values,no_values,no_values,no_values,no_values,no_values,no_values,no_values,no_values,no_values,no_values,no_values,no_values,no_values,no_values,no_values,1,2,no_values,5,no_values,no_values,no_values,no_values,no_values,5,no_values,no_values,no_values,no_values,no_values,3,no_values,no_values,no_values,no_values,no_values,"2,3",no_values,no_values,no_values,no_values,no_values,"Suppose you are at home with people you are close to (e.g., friends, family members) when you realize today is the last day to pay one of your bills online.",1
33,11690,R_3popTUX4yH6Smqh,"1,2,4",1,2,"1,2,5",no_values,1,no_values,"1,2,3,4",no_values,1,no_values,4,no_values,2,"1,2,3",no_values,"1,2",no_values,"2,3,4",no_values,"2,3,4",no_values,"2,3",no_values,"1,2,3",no_values,2,no_values,no_values,no_values,no_values,no_values,no_values,no_values,no_values,no_values,no_values,no_values,no_values,no_values,no_values,no_values,no_values,no_values,no_values,no_values,no_values,no_values,no_values,no_values,no_values,no_values,"1,2,5",no_values,1,no_values,2,no_values,1,no_values,4,no_values,2,"1,2,3","1,2",no_values,"2,3,4",no_values,"2,3,4",no_values,2,no_values,"1,2,3",no_values,2,no_values,no_values,no_values,no_values,no_values,no_values,no_values,no_values,no_values,no_values,no_values,no_values,no_values,no_values,no_values,no_values,no_values,no_values,no_values,no_values,no_values,no_values,no_values,no_values,no_values,no_values,no_values,no_values,no_values,no_values,no_values,no_values,no_values,no_values,no_values,no_values,no_values,no_values,no_values,no_values,no_values,no_values,no_values,no_values,no_values,no_values,no_values,no_values,no_values,no_values,no_values,no_values,no_values,no_values,no_values,no_values,no_values,no_values,no_values,no_values,no_values,no_values,no_values,no_values,no_values,no_values,no_values,no_values,no_values,no_values,no_values,no_values,no_values,no_values,no_values,no_values,no_values,no_values,no_values,no_values,no_values,no_values,no_values,no_values,no_values,no_values,no_values,no_values,no_values,no_values,no_values,no_values,no_values,no_values,no_values,no_values,no_values,2,"2,3",no_values,no_values,no_values,"1,2",no_values,no_values,no_values,no_values,no_values,no_values,no_values,no_values,no_values,no_values,no_values,"2,3,4",no_values,no_values,no_values,no_values,no_values,no_values,no_values,no_values,no_values,Suppose you want to call your mother for sharing an important update about your life when you are alone at home,1
34,29224,R_2cznmTRH8KOkXx0,"1,2,4,5,6",1,"5,6","1,2",no_values,5,no_values,"2,3,4",no_values,1,no_values,1,no_values,1,5,no_values,"2,3",no_values,"3,4",no_values,"2,3",no_values,2,no_values,5,no_values,4,no_values,no_values,no_values,no_values,no_values,no_values,no_values,no_values,no_values,no_values,no_values,no_values,no_values,no_values,no_values,no_values,no_values,no_values,no_values,no_values,no_values,no_values,no_values,no_values,no_values,no_values,no_values,no_values,no_values,no_values,no_values,no_values,no_values,no_values,no_values,no_values,no_values,no_values,no_values,no_values,no_values,no_values,no_values,no_values,no_values,no_values,no_values,no_values,no_values,no_values,no_values,no_values,no_values,no_values,no_values,no_values,no_values,no_values,no_values,no_values,no_values,no_values,no_values,no_values,no_values,no_values,no_values,no_values,no_values,no_values,no_values,no_values,no_values,no_values,no_values,no_values,no_values,no_values,no_values,no_values,no_values,no_values,no_values,no_values,no_values,no_values,no_values,no_values,no_values,no_values,no_values,no_values,no_values,no_values,no_values,no_values,no_values,1,no_values,2,no_values,4,no_values,1,no_values,"3,4",no_values,1,3,"1,3",no_values,4,no_values,2,no_values,3,no_values,5,no_values,4,no_values,2,no_values,5,no_values,3,no_values,3,no_values,1,no_values,1,"2,3",2,no_values,3,no_values,"2,3",no_values,"1,2",no_values,5,no_values,4,no_values,1,2,no_values,no_values,no_values,no_values,no_values,no_values,no_values,no_values,no_values,"1,3",no_values,2,no_values,no_values,no_values,no_values,no_values,no_values,no_values,no_values,no_values,2,no_values,"2,3",no_values,"Suppose you want to a view a text message when you are surrounded with people you are close to (e.g., friends, family members) at your home.",1
35,13748,R_2Cv17SqE93hcYrN,"1,2,4,5,6",1,4,"2,5",no_values,1,no_values,2,no_values,3,no_values,1,no_values,1,5,no_values,"2,3",no_values,3,no_values,3,no_values,2,no_values,5,no_values,2,no_values,no_values,no_values,no_values,no_values,no_values,no_values,no_values,no_values,no_values,no_values,no_values,no_values,no_values,no_values,no_values,no_values,no_values,no_values,no_values,no_values,no_values,no_values,no_values,no_values,no_values,no_values,no_values,no_values,no_values,no_values,no_values,no_values,no_values,no_values,no_values,no_values,no_values,no_values,no_values,no_values,no_values,no_values,no_values,no_values,no_values,no_values,no_values,no_values,no_values,no_values,no_values,no_values,no_values,no_values,no_values,no_values,no_values,no_values,no_values,no_values,no_values,no_values,no_values,no_values,no_values,no_values,no_values,no_values,no_values,no_values,no_values,no_values,"2,3",no_values,5,no_values,3,no_values,1,no_values,1,no_values,1,"1,2",2,no_values,3,no_values,3,no_values,"1,2",no_values,5,no_values,2,no_values,no_values,no_values,no_values,no_values,no_values,no_values,no_values,no_values,no_values,no_values,no_values,no_values,no_values,no_values,no_values,no_values,no_values,no_values,no_values,no_values,no_values,no_values,no_values,no_values,no_values,no_values,no_values,no_values,no_values,no_values,no_values,no_values,no_values,no_values,no_values,no_values,no_values,no_values,no_values,no_values,no_values,no_values,no_values,no_values,no_values,no_values,no_values,no_values,1,2,no_values,no_values,no_values,no_values,no_values,no_values,no_values,2,no_values,no_values,no_values,no_values,no_values,no_values,no_values,no_values,no_values,no_values,no_values,3,no_values,no_values,no_values,no_values,no_values,Suppose you are at starbucks and you realize today is the last day to pay one of your bills online.,1
36,61628,R_1pXugetoW9JiRYC,"1,2,4,5,6",1,"2,6",2,no_values,1,no_values,2,no_values,1,no_values,1,no_values,1,5,no_values,"2,3",no_values,"1,2,3",no_values,3,no_values,1,no_values,5,no_values,4,no_values,no_values,no_values,no_values,no_values,no_values,no_values,no_values,no_values,no_values,no_values,no_values,no_values,no_values,no_values,no_values,no_values,no_values,no_values,no_values,no_values,no_values,no_values,no_values,no_values,2,no_values,5,no_values,"1,3",no_values,1,no_values,1,no_values,1,2,2,no_values,3,no_values,"2,3",no_values,"1,2",no_values,"2,3",no_values,4,no_values,no_values,no_values,no_values,no_values,no_values,no_values,no_values,no_values,no_values,no_values,no_values,no_values,no_values,no_values,no_values,no_values,no_values,no_values,no_values,no_values,no_values,no_values,no_values,no_values,no_values,no_values,no_values,no_values,no_values,no_values,no_values,no_values,no_values,no_values,no_values,no_values,no_values,no_values,no_values,no_values,no_values,no_values,no_values,no_values,no_values,no_values,no_values,no_values,no_values,no_values,no_values,no_values,no_values,no_values,no_values,no_values,no_values,no_values,no_values,no_values,no_values,no_values,no_values,no_values,no_values,no_values,no_values,no_values,no_values,no_values,no_values,no_values,2,no_values,3,no_values,"2,3",no_values,1,no_values,1,no_values,1,"1,3",2,no_values,3,no_values,"2,3",no_values,2,no_values,"1,3",no_values,4,no_values,1,1,no_values,no_values,no_values,2,no_values,no_values,no_values,no_values,no_values,no_values,no_values,2,no_values,no_values,no_values,"2,3",no_values,no_values,no_values,no_values,no_values,no_values,no_values,"2,3",no_values,Suppose you have planned to meet a friend next week and you want to put this on your calendar when you are with a very close friend at a restaurant,1
37,64601,R_aV4bhzlISsRhvxv,"1,2,3,4,5,6",1,"1,2,4",2,no_values,"1,2",no_values,"2,3",no_values,3,no_values,1,no_values,1,5,no_values,5,no_values,"1,2,3",no_values,"2,3",no_values,"1,2",no_values,1,no_values,4,no_values,"2,4",no_values,3,no_values,"2,3",no_values,3,no_values,1,no_values,1,5,5,no_values,"1,2,3",no_values,"2,3",no_values,3,no_values,5,no_values,"1,2",no_values,2,no_values,1,no_values,1,no_values,3,no_values,1,no_values,1,5,"2,3",no_values,3,no_values,"2,3",no_values,2,no_values,"2,3",no_values,4,no_values,no_values,no_values,no_values,no_values,no_values,no_values,no_values,no_values,no_values,no_values,no_values,no_values,no_values,no_values,no_values,no_values,no_values,no_values,no_values,no_values,no_values,no_values,no_values,no_values,"2,3",no_values,1,no_values,3,no_values,3,no_values,1,no_values,1,2,2,no_values,3,no_values,"2,3",no_values,2,no_values,1,no_values,4,no_values,no_values,no_values,no_values,no_values,no_values,no_values,no_values,no_values,no_values,no_values,no_values,no_values,no_values,no_values,no_values,no_values,no_values,no_values,no_values,no_values,no_values,no_values,no_values,no_values,no_values,no_values,no_values,no_values,no_values,no_values,no_values,no_values,no_values,no_values,no_values,no_values,no_values,no_values,no_values,no_values,no_values,no_values,no_values,no_values,no_values,no_values,no_values,no_values,1,"1,2",no_values,5,no_values,"2,3",no_values,no_values,no_values,2,no_values,no_values,no_values,no_values,no_values,"2,3",no_values,"2,3",no_values,no_values,no_values,"2,3",no_values,no_values,no_values,no_values,no_values,Suppose you want to watch some video when you are with your close friends at Starbucks.,1
38,46109,R_ByA2qDgjOyt8pQl,"1,2,4,5,6",1,"2,4",3,no_values,3,no_values,"2,3",no_values,3,no_values,1,no_values,1,"1,2",no_values,"1,2",no_values,3,no_values,"1,2",no_values,"1,2",no_values,5,no_values,4,no_values,no_values,no_values,no_values,no_values,no_values,no_values,no_values,no_values,no_values,no_values,no_values,no_values,no_values,no_values,no_values,no_values,no_values,no_values,no_values,no_values,no_values,no_values,no_values,no_values,2,no_values,1,no_values,2,no_values,3,no_values,1,no_values,1,1,"2,3",no_values,3,no_values,"2,3",no_values,2,no_values,5,no_values,4,no_values,no_values,no_values,no_values,no_values,no_values,no_values,no_values,no_values,no_values,no_values,no_values,no_values,no_values,no_values,no_values,no_values,no_values,no_values,no_values,no_values,no_values,no_values,no_values,no_values,"2,3",no_values,1,no_values,6,no_values,1,no_values,1,no_values,1,5,2,no_values,"1,2,3",no_values,"2,3",no_values,"1,2",no_values,5,no_values,4,no_values,no_values,no_values,no_values,no_values,no_values,no_values,no_values,no_values,no_values,no_values,no_values,no_values,no_values,no_values,no_values,no_values,no_values,no_values,no_values,no_values,no_values,no_values,no_values,no_values,no_values,no_values,no_values,no_values,no_values,no_values,no_values,no_values,no_values,no_values,no_values,no_values,no_values,no_values,no_values,no_values,no_values,no_values,no_values,no_values,no_values,no_values,no_values,no_values,1,"1,2",no_values,no_values,no_values,"2,3",no_values,no_values,no_values,2,no_values,no_values,no_values,no_values,no_values,no_values,no_values,"2,3",no_values,no_values,no_values,"2,3",no_values,no_values,no_values,no_values,no_values,Suppose you want to browse the internet when you are alone at a restaurant.,1
39,1802,R_2sq6ylwcWRKlCrD,"1,2,4,6",1,4,"1,2",no_values,1,no_values,2,no_values,1,no_values,1,no_values,1,2,no_values,2,no_values,3,no_values,3,no_values,"1,2",no_values,3,no_values,4,no_values,no_values,no_values,no_values,no_values,no_values,no_values,no_values,no_values,no_values,no_values,no_values,no_values,no_values,no_values,no_values,no_values,no_values,no_values,no_values,no_values,no_values,no_values,no_values,no_values,no_values,no_values,no_values,no_values,no_values,no_values,no_values,no_values,no_values,no_values,no_values,no_values,no_values,no_values,no_values,no_values,no_values,no_values,no_values,no_values,no_values,no_values,no_values,no_values,no_values,no_values,no_values,no_values,no_values,no_values,no_values,no_values,no_values,no_values,no_values,no_values,no_values,no_values,no_values,no_values,no_values,no_values,no_values,no_values,no_values,no_values,no_values,no_values,2,no_values,3,no_values,3,no_values,3,no_values,1,no_values,1,1,2,no_values,3,no_values,3,no_values,"1,2",no_values,5,no_values,4,no_values,no_values,no_values,no_values,no_values,no_values,no_values,no_values,no_values,no_values,no_values,no_values,no_values,no_values,no_values,no_values,no_values,no_values,no_values,no_values,no_values,no_values,no_values,no_values,no_values,no_values,no_values,no_values,no_values,no_values,no_values,no_values,no_values,no_values,no_values,no_values,no_values,no_values,no_values,no_values,no_values,no_values,no_values,no_values,no_values,no_values,no_values,no_values,no_values,1,"1,2",no_values,no_values,no_values,no_values,no_values,no_values,no_values,2,no_values,no_values,no_values,no_values,no_values,no_values,no_values,no_values,no_values,no_values,no_values,3,no_values,no_values,no_values,no_values,no_values,Suppose you want to read a digital document when you are in a park surrounded by your close friends.,1
40,34061,R_snV0ExlX3VPT0jL,"1,2,3,4,5,6",1,"1,3,4",1,no_values,1,no_values,"1,2,3",no_values,3,no_values,1,no_values,1,2,no_values,2,no_values,3,no_values,2,no_values,"1,2",no_values,5,no_values,4,no_values,2,no_values,1,no_values,1,no_values,3,no_values,1,no_values,1,"2,3",2,no_values,3,no_values,3,no_values,2,no_values,5,no_values,4,no_values,no_values,no_values,no_values,no_values,no_values,no_values,no_values,no_values,no_values,no_values,no_values,no_values,no_values,no_values,no_values,no_values,no_values,no_values,no_values,no_values,no_values,no_values,no_values,no_values,2,no_values,3,no_values,3,no_values,3,no_values,1,no_values,1,2,5,no_values,3,no_values,3,no_values,2,no_values,5,no_values,4,no_values,2,no_values,1,no_values,1,no_values,1,no_values,1,no_values,1,3,5,no_values,"2,3",no_values,3,no_values,5,no_values,5,no_values,4,no_values,no_values,no_values,no_values,no_values,no_values,no_values,no_values,no_values,no_values,no_values,no_values,no_values,no_values,no_values,no_values,no_values,no_values,no_values,no_values,no_values,no_values,no_values,no_values,no_values,no_values,no_values,no_values,no_values,no_values,no_values,no_values,no_values,no_values,no_values,no_values,no_values,no_values,no_values,no_values,no_values,no_values,no_values,no_values,no_values,no_values,no_values,no_values,no_values,1,"1,2",no_values,2,no_values,no_values,no_values,5,no_values,5,no_values,no_values,no_values,no_values,no_values,3,no_values,no_values,no_values,3,no_values,3,no_values,no_values,no_values,no_values,no_values,"Suppose you want to a send an email when you are surrounded with people you are close to (e.g., friends, family members) at your home.",1
