,Random_ID,ResponseId,Q37,Q38,Q39,Q40,Q41,Q42
21,84023,R_sOwDvheK5MyDJzb,female,25,student,5,5,2
22,56511,R_Zh6Hu0mpI0rTEOJ,Male,45,Architect,5,1,6
23,23704,R_22VnihC9Syc6BC2,male,57,construction worker,1,2,2
24,79072,R_r3GG4BB6PTK0slr,female,45,esthetician,3,1,4
30,1671,R_294c0wY5O51Ckot,female,34,home maker,3,1,4
35,29458,R_3R2czFia8WDovZ5,male,37,sales manager,4,5,4
40,46453,R_D6TWU81opedQx8Z,female,30,home maker,4,1,4
44,96803,R_1qgn8fonNDVpfVu,male,45,accounts manager,4,1,5
45,86986,R_3KOT4GUJ5Jpt4jj,male,45,sales representative,3,1,4
47,70248,R_Og5HqRu6uLDSmaZ,female,54,tutor,4,5,4
55,37093,R_1KiJ47vnQJg9vvN,female,22,student,5,1,2
59,20945,R_3qdNLXI6jo8XEDQ,male,60,retired,4,1,3
70,86317,R_Z4bWr3CviU81sit,agender,36,freelancer,3,3,3
71,94175,R_2qmTO2l6egv3qBO,Female,32,Teacher,5,1,4
92,84584,R_eL3YFLAtRuS2sM1,Female,29,Student,7,1,3
101,29314,R_331nXs70lsz8m3C,male,44,freelancer,3,3,2
103,58515,R_1eLZFCqyp8mWxX8,male,41,waiter,2,2,2
107,27685,R_rcfhxMWX7qcW89z,Female,37,Data analyst,5,5,5
108,47791,R_23V1PpwMMQo8mBJ,Female,51,Homemaker,3,3,4
109,83615,R_2P0XozVRw6OLUv6,Female,37,Cleaning ,2,2,1
110,95676,R_3nwNySHdhJhHWpi,Female,47,Journalist,5,1,4
125,25954,R_2PoOuwLmJD6Mk8T,Female,20,Personal assistant,2,8,12
141,52480,R_WDaenyWF6jvq8XT,Female,38,writer,4,3,3
142,14431,R_2wd9b5HcePM2rNi,male,31,software engineer,6,5,6
143,86419,R_UMzR8qzJB46ywud,male,54,gardener,2,2,3
144,66100,R_31MWd1TrxoRyvVi,male,41,freelancer,3,3,3
145,45549,R_2R8R701R6buARRN,female,34,teacher,5,1,4
146,53741,R_8CU5qwwvklIZKkp,female,22,student,6,5,3
147,89882,R_1NFk6Rvb6W9pTBY,Female,30,Teacher,5,5,4
148,39906,R_eCK31Ws8SfffJn3,Male,54,Adjunct,5,1,5
150,70403,R_3FIDKh8Phn9KPhn,female,44,home maker,2,1,3
156,62616,R_2qwvc4nZgMOFDaS,female,21,student,3,5,4
164,69365,R_21A4xXlvRoXPWnP,female,33,chef,4,3,2
171,30531,R_T27fKGxjksMGzh7,Female,36,Executive Assistant,3,1,3
175,95121,R_2OHzFG8iRPXGAi7,MALE,35,MANAGER,5,1,3
188,29034,R_cYBqv6EubeNquDT,male,33,machinist,3,1,2
196,51800,R_2rHZohAlfMaktv5,Female,45,IT Security Analyst,2,1,5
197,66971,R_2dAYaiQrUv4UiKi,male,41,Transactions analyst,5,1,2
202,31056,R_6MAL6TqVSgiK06Z,F,25,Sales,3,1,3
208,88281,R_3LYXGPCHAPOHy6l,male,20,student,3,3,3
217,51199,R_3GAKRMQgF89anh7,Female,26,Data Entry Clerk,4,1,4
221,32643,R_20MNPYAnbdh09ff,male,41,technician,5,3,4
222,83128,R_3NTYlYxpNXx8TeK,Female,29,Accounting,5,3,4
224,78668,R_12ElUaSzJ39vFkG,M,45,Hshs,1,3,4
227,77591,R_3J4dwvyzFeEbwcm,Female,45,Writer,4,1,3
230,47847,R_2fIhojthc5nwIXi,Female,25,Student,5,5,4
262,46978,R_25Qn0gdzACWGdcv,Female,61,Admin Assistant,3,1,4
263,58371,R_6SzeZZ0CryPDVVT,female,37,Recreation Coordinator,5,1,3
277,88854,R_1P29MRntmFq5g7X,male,40,manager,5,1,2
278,25986,R_BMygX0dF1supMyd,male,23,student,4,2,3
282,74214,R_1resJxU9NUWxdo8,female,32,barista,2,1,2
289,97775,R_6WmIK4QgrbDx56h,male,34,engineer,5,1,6
292,12080,R_8cgz6AXXDvwcadj,Female ,33,Office Admin,5,1,2
295,65603,R_11XzlLgfqPYa28P,female,45,home maker,3,4,3
299,52831,R_1IBhY0SKPzm2J3S,male,34,manager,5,1,4
302,69224,R_12nihNfsVhQsV3c,Female Woman,30,Artist,5,1,4
304,9631,R_3KImLHjyUMbqQja,male,45,fire lieutant,3,3,3
306,28675,R_3k0tjA00HvJcbS6,Male,42,Programmer,4,1,2
322,31130,R_3hFlx8QPd98RTT0,male,23,student,3,1,2
324,76529,R_3HNv1NMaW588ccj,female,23,student,3,1,2
335,19630,R_3Dda48Nr1zARub0,female,36,freelancer,5,5,2
337,63929,R_1jqsAmJunh7nxVd,female,22,student,3,1,1
341,84636,R_xlvSzGoYl8DEleV,male,56,retired ,4,1,3
346,96716,R_1oFs3aRMiO1g9po,female,34,artist,2,3,3
352,49598,R_9oWAjQtyFvI8XeN,Male,34,Manager,5,4,4
357,1759,R_qymChD1LZ8wUy7D,Male ,47,Accountant,3,1,3
359,5260,R_XBce7uEdCKJ0Djr,Female,48,Admin assistant,4,1,3
365,89965,R_s7fF9qrF4JPkg6Z,Male,39,Manager,5,1,4
367,75380,R_1rNAARYOaMEGxXM,Male,25,Information Technology Manager,6,1,3
372,22383,R_3ma7OnGb8tvGdfb,Male,36,Salesman,3,5,3
373,242,R_1rdbZnpP0aNdrlQ,Female,31,Clerk,3,3,2
377,84188,R_uri6IToD6CKNdeN,Male,41,Software engineer,5,5,6
382,38730,R_1kXHTithHBLWyKG,Male ,55,Unemployed,3,3,2
389,81561,R_ROJ7D5LaUcJ1V0R,female,46,barista,4,5,3
395,93568,R_3PLzLI6v6FmyUNr,male,24,engineer,5,1,4
404,40275,R_3FOibIxxLmO2Tl3,female,45,personal assistant,4,1,4
408,86371,R_1IyARATsM45e8pg,male,36,Sales manager,5,5,5
413,35278,R_5dMltyC98shKMNz,male,21,student,3,5,3
417,75638,R_3CTtsnkwioOVmRJ,female,41,home maker,2,3,3
424,95183,R_3WsYjmLycBLfmhj,female,37,home maker,3,1,4
431,47208,R_1nNoUn5Nyws23hv,Male,44,Auditor,3,1,2
433,70646,R_2zc4h9z9yJEKcS3,female,34,home maker,3,1,4
434,93112,R_V44cNQlX4R4Bgpr,male,32,project manager,5,1,5
436,14337,R_2Tpes89mC9YA3Bg,female,24,engineer,5,1,4
437,27419,R_1hYiRNBZM2sd3jd,female ,31,home maker,4,1,4
444,20783,R_3CBdGgPRPAAjt30,female,19,student,3,1,3
448,50358,R_ykYhtxHoV3BgiL7,male,39,salesman,4,1,4
449,18551,R_2wh7aLiEAC7muto,Female,34,Homemaker,2,1,3
460,92701,R_3iD3u7KJfT93zQd,female,60,retired,5,5,3
462,13638,R_3phCe6jpO4W350L,female,36,clerical assistant,4,3,3
463,24528,R_3fBMDQZCcuIO9AN,male,34,assistant,4,3,2
465,10253,R_246EIzsxV1CbDj2,Female,36,Consultant,6,1,12
467,64778,R_2tA0tMNN9WpU0YN,male,26,manager,5,3,5
468,20179,R_5yvbdg9CY896LGp,male,46,sale assistant,3,3,3
470,91651,R_2eOp94V0mDPot2q,female,30,teacher,5,1,4
482,68926,R_1QMKPr01kD2qCUY,male,34,sales representative,3,3,4
495,8372,R_1kNSXt5UKHN2aIy,female,34,consultant,5,1,5
497,50781,R_cVcEPSrKkWIElwd,female,34,assistant manager,4,1,4
505,10066,R_1H8oZoetq6C4z8m,male,67,drug and alcohol screener,3,1,2
515,37370,R_RwU5c1DCYnYO401,female,55,hair dresser,2,1,4
517,29432,R_DOGZBzECeMuQTw5,female,45,male,4,1,5
521,84537,R_3IXYxo6zwt9ZwpJ,male,39,manager,6,2,7
522,72411,R_1pSQmfcrPcMDALQ,male,28,merchandiser,3,1,3
527,20157,R_1mntsdg8mdgAIQa,male,35,architect assistant,3,4,3
556,78408,R_24pIySCIqjWMVbi,female,35,homemaker,6,1,2
560,32813,R_w0Kw3akeevyQjNn,male,25,accounting,4,4,3
584,88238,R_1lmheIAvSMRytTZ,female,24,Lab tech,5,5,4
597,25274,R_eXRAltO9chg82dj,female,34,sales representative,4,2,3
608,86828,R_U9g8O29hTEEecAF,female,24,artist,3,5,3
613,94515,R_22sn1MfC9f0tRkf,female,25,Accounts clerk,4,1,3
614,30314,R_1PaW7suoup0kcxr,female,27,archivist,4,3,4
615,40042,R_3FbMWSqSkrZvWZX,female,28,hairdresser,4,1,4
619,70309,R_2dXUV3NBNVvU7zM,male,30,handy person,3,1,3
625,36119,R_3MmrM3jf1hS0eHS,male,34,carpenter,2,1,2
626,79430,R_XvVPfHv9O4Tuk4p,Male,30,Teacher,6,1,3
628,84627,R_2aS7GqdDOTfZWLA,male,34,delivery driver,2,1,2
649,18217,R_aeG2WrrJN1XBgoF,male ,22,warehouse worker ,4,3,2
669,26623,R_2BgPqIiyFEa7fdg,Female,34,Freelancer,3,1,3
673,14958,R_OvVQTslcSXoEes1,Female,36,Clerical staff,3,1,3
675,2811,R_1K3z76DmJIlUXH0,Female,38,Technician,4,2,2
676,93997,R_2ZOKgAFadcEnZq8,Male,31,Video Production,5,1,1
683,28432,R_72R3v27U4qjbD8Z,Female,40,Home maker,3,1,2
690,19763,R_SUyYsYsN7MnDECl,Female,42,Home maker,3,1,3
691,18036,R_XYQ445YBJ1sRPIR,female,28,bartender,3,1,2
694,96297,R_2uZDPSdcL1atYgz,male,24,Digital Artist,3,2,5
696,30113,R_QicOp5QwWM6g001,Female,43,Chief Petty Officer in the US Navy,3,1,3
697,72888,R_cA7N5R6pKyjxVzr,Female,30,Home maker,3,3,3
706,83591,R_3nMgJWV1F1v6Vvy,male,28,merchandiser,3,1,12
708,53569,R_3PweLrQ9xLYX628,male,32,office associate,5,5,12
713,84097,R_QmPMlUFGXQcVnbz,Female,56,Administrative Assistant,2,1,4
714,88288,R_1i3uZMhC0mLU9ox,Female,50,Home maker,3,1,3
717,90663,R_2wHVeyku4A0ORAh,Female,54,pet service,5,1,3
718,42308,R_OOSGdzbfNQsrdFn,Male,22,Student,5,1,3
726,20740,R_OqEP6aCN7iSEHn3,Male,45,Manager,5,1,4
729,84001,R_1Ntc0L3MBthmE4m,Male,45!,Manager,5,1,5
735,44820,R_2rNoXkBCxDAVrQl,male,34,Project Manager,6,1,5
742,3708,R_2CZEGn0CiCGs6hX,Female,35,Manufacturer,4,1,3
743,40944,R_1GQdQrxhYZpPmdD,Male,56,Retired,3,1,3
745,99425,R_emqvaTg36gbUEZb,Male ,46,Freelancer,3,2,2
750,62675,R_2pVKwMIx223BtpH,Male,25,Cleaner,2,2,3
754,87787,R_1ieUdJl8DjhIZBo,Male ,53,Counselor,4,1,4
755,46945,R_D66mgF8TbZz4QEN,Male,34,Chef,4,1,4
756,4419,R_5tMdELiVPO8sXZf,Male ,43,Handyman,2,1,2
757,56704,R_3064ssujf9VyBfr,Male ,48,Chef,4,5,4
759,14509,R_3fYRq5Hi7IVkltZ,Male,37,Analyst,4,1,3
767,86094,R_3qnIriLEKu5i1sl,Male,46,Analyst,5,1,3
768,1265,R_2XbKCrqirVZzrTJ,Male,21,Student,3,6,3
770,47722,R_2qmyQ2wscSgZvK9,Female,45,Homemaker,3,6,3
771,4986,R_1CD5A9zMUU8iFnd,Male,38,Analyst,5,4,3
772,15152,R_2fdt7YrXBHxRpcv,female,43,tech support,2,1,4
773,68994,R_1TtMwXeH9J91JgB,Male,36,Driver,3,6,3
776,19828,R_Dxa60KyS01RIdqh,Male,38,Sales representative,3,4,4
784,56644,R_2rkCDyFWcVM9zJw,female,40,teacher,6,1,5
790,63268,R_2c8jD5P6ef082vn,male,21,student,3,3,3
806,85610,R_2aDjDKa3csRJdDV,male,34,manager,5,3,4
814,76670,R_24inSSKUdBK5x3o,male,41,teacher,5,4,4
829,66004,R_22ELJyKR9P6BDIJ,Female,51,Turker,5,8,1
831,78491,R_1rpjx591Ywkg4TS,Male,35,Writer,3,4,2
836,75166,R_AhRMNbJlEvEdAWd,Female,29,Homemaker,2,1,6
849,33445,R_3ix23hyGmA1q9jA,Male,34,Digital Freelancer,5,7,6
860,81709,R_2uU5vof8lORql3w,male ,34,teacher,5,1,4
861,77495,R_2EobxTcoErErfVq,female,44,nurse,5,1,4
864,56914,R_24nLOWR6mmKAkbb,Male,29,clerical starff,3,4,3
867,4745,R_1LoOi2v1ahdaVz9,Male,35,Assistant manager,5,6,3
870,37619,R_3Vsv7141S5YrcwF,Male,36,Test engineer,4,1,3
872,13212,R_qUu0DYPpHai8bOV,Male,38,Software tester,5,4,4
877,58124,R_3IY2JCU5grSJpYu,Male,34,Consultant,5,4,4
915,95235,R_8wzNac59mpfjOut,female,32,cashier,3,1,2
916,20576,R_3MSD9dSq9bKPLho,Male,38,finance manager,6,1,8
928,57111,R_1etVVhMadjhM3aW,Male,27,Teacher,5,1,2
933,41076,R_2aEkQZcjKBwj3QG,Male,24,Manufacture ,2,1,2
936,13586,R_1q4CmMqk32QbnXJ,Male,27,Program Coach,5,1,1
952,42879,R_3NxKNH4FvMloCSq,MALE,31,SELF EMPLOYED,6,1,3
991,25848,R_1lis7lmBhgfBANs,Male,34,Artist,5,5,5
993,69345,R_2Bx4FQUSLDA4s3G,male,44,mturk worker,5,5,1
998,14806,R_3LaMJM4OSHm1N3A,female,30,self employed,6,1,4
1006,92660,R_3fjjhxm6pW2uS8O,male,60,retired,4,4,3
1009,50327,R_2EGmz1Jt5mhbnUQ,male,58,freelancer,4,4,4
1010,12591,R_3JbisYAuDCbfGJq,Female,36,Customer support,5,1,2
1011,67298,R_1Nn5t2X67rNcCDF,Male,56,driver,3,4,3
1014,16524,R_1irssOBtqEU3N7a,male,34,constructor worker,4,3,2
1015,13410,R_uwG6fmOLmLVtJIZ,male,52,freelancer,4,3,3
1017,97391,R_1q8I4MTijo2jPGs,male,40,security guard,2,3,3
1020,20611,R_YRMYB61AnQKiIcV,male,48,customer representative,3,2,3
1021,38958,R_AvqhH8TLafsAKsx,male,46,manager,4,3,4
1022,17496,R_31Lf0HKenA1OxQl,male,44,Teacher,4,1,4
1028,39121,R_1pzJTvzvdYaLqBq,male,42,teacher,4,5,4
1032,80295,R_2zwKnKx4D2hpcbc,male ,40,manager,5,1,5
1033,32655,R_2YIZtTL5E4eoGjQ,male,27,business,6,1,9
1060,54227,R_2P1Ym580nFlUHlf,Male,44,Transit Center Manager,5,1,3
1062,86476,R_3RdMrDop0AlJeME,female,27,employee,6,1,3
1070,60624,R_2sZUxCFbUaDzSMi,male,32,social worker,5,1,3
1076,61060,R_1goNMaINVDeA4oK,female,36,manager,5,1,2
1086,94978,R_2B5uGkpu54gnCly,FEMALE,38,ASSISTANT MANAGER,5,1,3
1128,60411,R_2UhKmEKzE75shAT,female,29,Education - ESL & college algebra. ,5,1,3
1136,75384,R_1NVx2TuqGc2OlHj,female,35,secretary,4,1,1
1141,45800,R_1hG7qxetRCkO0FF,Female,36,Hairdresser,3,1,1
1171,468,R_2cpFBaabx1nBK1j,male,38,software tester,4,4,4
1173,85339,R_2PopXnZerHfGGZf,Male,36,Assistant Manager,4,3,4
1179,84107,R_1dLkTptkEV1KGpK,male,36,teacher,4,3,3
1182,58146,R_1NelusiAIOOOGVq,male,32,Consultant,5,5,5
1194,44224,R_8obObemEyY6EuEp,male,30,freelancer,4,3,3
1198,75953,R_PLFNCrnUBuMyGlP,male,35,Mturker,3,3,3
1212,54523,R_0PqFJZpZwy0bdGp,male,21,student,3,3,2
1213,92667,R_9uxRApWp6Yx6R4R,45,female,home maker,2,3,3
1214,28232,R_3JxeyoUCq8HgPwM,male,20,student,3,5,3
1244,12027,R_upPyM20rcwKtdQt,female,37,banker,7,1,6
1276,56265,R_Zf1g7u6Z47eCAiB,Male,67,Writer,5,1,1
1300,75897,R_3p4iBXpfNEErZMC,male,21,student,3,3,3
1313,96801,R_3PmYVQbnSlPolEk,famele,37,teacher,6,1,8
1320,32178,R_2v6NIJIYAmXIhsQ,male,21,student,3,3,3
1321,51876,R_3gNjaFg7NPM7BEW,male,21,student,3,5,2
1322,38207,R_2uyMbwiGDvTFNL5,female,21,student,4,1,3
1323,41237,R_10CUyltehfn2tku,female,21,student,3,2,3
1324,11251,R_Bsotv6T9IEKwUJX,female,27,home maker,3,2,4
1326,44260,R_3hmc57eNCkOEdqF,female,23,student,4,1,3
1342,31382,R_2ONIYu9j6bktMUZ,female,20,student,3,2,2
1346,17736,R_2rCbpxnspsCDrkR,Female,20,Student,3,3,2
1354,51630,R_3nk0eLCdviw4Ca4,Female,20,Student,3,1,1
1362,16903,R_2dZtqzWbozILrcR,male,50,Grants Adminstration,5,3,6
1372,74164,R_bKKrhJTBxWMF1K1,Female,55,Administration,4,1,3
1381,345,R_8B20c1LTD9P5xYJ,Female,42,Business Owner,5,1,6
1387,10535,R_2eOVrybB3qgMv5G,MALE,24,ACCOUNTANT,6,4,1
1398,33617,R_DqNRS9b2kGfk8G5,female,50,salon owner,4,1,4
1408,58104,R_1MSNpkEVqz8QK5f,female,45,teacher,4,3,3
1410,90164,R_28O1J7Evc507hwQ,female,34,cashier,2,2,2
1417,54780,R_31mUtcjaHrNeMan,female,36,cashier,2,2,2
1431,98617,R_3HH4ZdGNzg4h5As,Male,47,Manager,3,1,3
1434,91575,R_1Cw39k6RiN3S9uo,female,23,student,3,2,2
1436,892,R_2ygECfofEoL0uyM,female,20,student,3,6,3
1448,30401,R_3oLy9R6ZXIPRDq3,female,23,cashier,3,2,3
1465,25536,R_2Ezd5bXIol0YasS,female,23,student,3,2,2
1468,7718,R_3EGSmu5GetL5h6c,female,34,home maker,4,4,4
1469,67620,R_1HoQAKrk5J9363U,male,20,student,4,3,3
1470,37168,R_3kcuw3p5UjM6XpU,no_values,no_values,no_values,no_values,no_values,no_values
1471,94665,R_2dMgmfrlkHxvu5Q,male,33,driver,3,4,3
1477,80293,R_3ELLsVPSltFOVex,female,43,patient care supervisor,3,1,3
1538,41797,R_2flzhDy50yuIMv7,female,25,unemployed,5,1,2
1545,28126,R_2VfL25F5Fv2zqk2,female,34,consultant,5,5,2
1567,40278,R_3KMBZZAp0pseN3t,female,50,teacher,5,3,2
1572,49504,R_2zj8bSRrROY0wHp,Male,38,Self-employed,4,5,3
1579,63350,R_zU9kVwWLAvjWiJP,Female,39,Self Employed,2,1,1
1585,80946,R_6GzEA1Hbvap4leV,no_values,no_values,no_values,no_values,no_values,no_values
1587,58259,R_2QmJLSR8GrRdNJK,nale,33,Property Manager,4,1,3
1627,48077,R_bqhjftlHLRYMHMR,female,24,engineer,4,3,5
1632,51216,R_3JyGIGLKsMcubFv,male,34,engineer,5,4,5
1634,19639,R_2Qms7WB1iiMRNcA,male,34,manager,5,5,5
1636,9222,R_9Ys69PUiIP8fcv7,male,40,cashier,3,3,3
1638,98498,R_3RqOphmVctPtHTd,FEMALE,65,INDEPENDANT CONTRACTOR,3,3,3
1658,50144,R_3hm6Aytf8hGyNQo,female,20,student,3,4,3
1660,70356,R_1FJ8kWybz6J91xV,male,40,constructor worker,2,2,2
1670,39034,R_2QDjHAYvo3t6bGH,Female,66,Self employed,6,1,3
1678,38830,R_331MOp8q1hUlDEo,male,20,student,3,4,3
1679,25076,R_3kAoQpgUUpIn5Sa,male,35,counselor,5,1,2
1681,22971,R_2B5UUiEH7NMCPkH,Male,28,Supervisor ,5,1,4
1682,24678,R_3n0o9AeXsC0pQi6,female,50,manager,5,1,3
1683,38605,R_2PyPWjYAD2TwQLW,female,37,home maker,3,3,3
1687,89092,R_2VkYmUFRelSdbE7,female,25,Software Engineer,6,5,5
1695,53402,R_1GJI3nRdmm78S3N,Female,32,Star at home mom,5,4,3
1698,34523,R_ApzhneDyhlH9hW9,female,40,home maker,3,4,3
1719,55932,R_3HHaUA5v4F9AmUE,Female,39,Social Worker,6,1,5
1724,4523,R_O8pDnT7h6xvhNhT,male,28,system admin,5,1,1
1725,14579,R_2CHBkERoYLJTY7n,male,35,food service,2,1,1
1732,85342,R_1X0scqzQO1QO70R,Male,26,Unemployed,3,1,6
1749,91825,R_31ym5CUgKEGSDKr,female,56,software engineer,5,1,2
1773,76174,R_1q7Iz8wtkbgEZ6A,male,50,software engineer,5,1,2
1779,58350,R_2WSHbQRxcxGmb29,MALE,30,FINANCE,6,1,5
1781,20820,R_3n9uuEpZq0A5987,male,30,finanace,6,1,5
1795,39599,R_3dPP09bYVD8MIVa,Female,32,Administrator,5,1,4
1801,74432,R_2PojR0svPCbVnA1,Female,24,Self-employed,5,1,2
1802,31368,R_qL5InqX4xYQY6lj,Female,26,Home maker,3,2,3
1803,26988,R_2Y9VtN47I8zNzt5,Male,24,Test engineer,4,3,3
1804,4976,R_38WJm3byrUBoM1j,Male,20,Student,3,2,2
1805,46630,R_3fHpjKg61PXZGmQ,Female,25,Cashier,3,6,2
1806,97538,R_2bK2Ra4RqHiOamI,female,47,cashier,3,2,3
1807,81541,R_XR16PrSlEB9TmlX,Male,38,Financial Assistant,4,4,3
1808,56821,R_pRG7Mw8uWavKTfz,male,37,Unemployed,2,2,2
1809,35553,R_1P7WCdAkHke4zIf,Female,35,Home maker,3,4,3
1810,10991,R_32JfUBlKHMsrFYc,Male,21,Student,3,3,1
1811,78960,R_3oL0xPaYZoYrtcq,female,19,student,2,5,2
1815,23879,R_2VCvZszL9a45g28,male,21,student,3,2,2
1816,97843,R_2Y9Uap66ABmYrwu,male,40,manager,5,1,3
1817,30097,R_3RkYfFI1KSP8xjm,male,36,clerk,3,2,3
1818,56156,R_1JP0qrQIN0qsrBQ,female,45,manager,4,3,3
1820,97512,R_r2BwMSakNfNGXXb,female,25,cashier,3,3,2
1822,62006,R_2PjLGkHnCmnkHMx,Female,35,Software developer,5,1,4
1848,77839,R_2EEnfyhyLaC2vbs,female ,42,Sales ,3,1,4
1868,63920,R_2ZJEbmNN36p6IVL,no_values,no_values,no_values,no_values,no_values,no_values
1877,61226,R_2bVO86HqMEKrpg8,Male,59,Retired,5,1,2
1882,81027,R_2VsSAjRVk9KtvE9,Female,32,Homemaker,2,1,3
1933,95022,R_33wFQgkgyPVNuGJ,male,33,bartender,3,1,2
1948,76883,R_1nZx44TZ0hh75cn,no_values,no_values,no_values,no_values,no_values,no_values
1960,61123,R_3k6AuIUeRjNKquU,female,41,accountant,4,1,5
1964,82212,R_2tApPSJsRDYpDQa,female,50,Administrator,5,1,7
1971,40605,R_1dtSV4pJyg6j6aw,female,68,self employed,5,1,4
1979,40780,R_3qTE9H0Fu6Eoit6,male,50,driver,3,1,2
1992,2496,R_qRrsHcsRFV0sa1X,female,30,home maker,3,1,2
1993,77788,R_1ovtdh8L0HKWe7x,no_values,no_values,no_values,no_values,no_values,no_values
1995,24645,R_3QGhY1EByZtjVXq,male,40,engineer,4,1,4
1998,35670,R_3ReDl7z6SXgejMr,female,34,home maker,3,2,2
2001,88366,R_3noNQ4Mw6T4xCdW,agender,30,software tester,4,1,3
2002,88805,R_T1TxfwDQHLr0Hlf,male,53,Freelance Consultant,6,5,2
2003,35331,R_3neFuKoBL4y7nqB,male,52,constructor worker,2,4,2
2007,94134,R_DIeuxO6KrKecPNT,female,40,home maker,3,3,4
2012,52900,R_3FQ1evc6qWDZ9po,female,20,student,3,1,1
2013,50610,R_2VyzzIlxt0G28Kz,female,34,cashier,3,2,3
2015,85963,R_25So0VIIGB2tTLe,Female,45,Sales representative,3,2,2
2016,42946,R_1OIHwV4g9qF12oc,no_values,no_values,no_values,no_values,no_values,no_values
2017,18691,R_3F1ZehsYbSg9wM0,Female,55,Cashier,1,2,1
2019,66327,R_1K0YfOhbOo9Dwd3,female,40,slot attendant,3,1,3
2023,21687,R_3P7F797bKSRLHHC,Female,60,Home maker,3,2,2
2036,68619,R_A5m9akozHzmB4Gd,female,20,student,3,1,2
2037,79504,R_2aG2wpS0bK3b350,female,45,customer representative,3,3,3
2039,763,R_3IQWP3jFtCvmZc6,male,34,cashier,3,1,2
2041,56940,R_2DMl960hfAgAv0v,male,45,teacher,4,4,4
2042,39042,R_3MSW1sXc3EnbN9m,female,34,software engineer,5,1,5
2044,43680,R_3Lhc2EMEzqdN0PW,male,30,constructor worker,2,3,2
2045,37164,R_3qaGPssc4PVLD1k,female,34,educator,3,4,3
2059,68275,R_3qfYSJzEtn0vHvW,Male,30,Technician ,5,1,3
2066,58004,R_3D6fcvSzqnF8nTS,male,35,transfer agent,3,1,3
2068,31832,R_2bT2H9B2h8E1nrO,no_values,no_values,no_values,no_values,no_values,no_values
2069,59533,R_3KCK8uIU7jTbXfZ,Male,30,Banking,5,1,3
2071,38162,R_8B2CqntDftu3bZ7,no_values,no_values,no_values,no_values,no_values,no_values
2089,80185,R_5gSJzhDDrIJKeFr,female,34,home maker,2,3,3
2094,42224,R_2rZNizRh9slLUqw,female,34,admin clerk,4,2,2
2105,97695,R_2P6defCjhDtsaNa,Female,44,Educator,6,1,2
2128,78597,R_sAtZMo37bZr5QGZ,Female,33,Software and,5,1,5
2134,5153,R_2Qt70zMMKOZVXcD,female,48,supervisor,3,1,2
2152,97792,R_2AMfybyEj8v264w,Male,73,Retired Military,5,1,4
2184,58945,R_25sl2LhadAAoJA2,male,23,Sales Associate,5,1,3
2195,74418,R_1LRxkmw6TgXCBqj,male,62,it manager,5,1,3
2238,90880,R_2CxCYkcJ92zUt6F,Male,65,Software Engineer,5,1,3
2242,5830,R_2qmZ21NboeyD2k5,Male,65,Software Engineer,5,1,4
2250,37888,R_1jU1rSV5bclUuOB,female,33,police officer,5,1,8
2251,58904,R_3spkW99stNzucXv,female,28,Senior Trainer,3,1,7
2256,32147,R_WjsBb2xtWg7VpXb,male,30,Director,5,1,5
2276,18080,R_1PRSxLZryU7qTgg,Female,28,Warehouse supervisor,5,1,3
2281,72017,R_3h42FG6ey1k8KSf,male,65,farmer,2,1,3
2287,73767,R_3DtHNwoxio3x1ul,male,30,Reporting and Analytics Manager,6,1,11
2329,98189,R_XMRLQtpCEi3e6s1,Male,66,Retired Computer Consultant,5,1,1
2337,84804,R_sjpZt9Uh654t9Hr,female,25,administration,5,1,3
2342,9432,R_3iVCTISgbdyflOb,Female,34,production manager,5,5,5
2353,21672,R_blqvytT29puipzj,Male,60,Retired,4,1,4
2361,93148,R_1cSSaH9MfufH22e,no_values,no_values,no_values,no_values,no_values,no_values
2374,78104,R_2TtMmVCo0xRlFxW,no_values,no_values,no_values,no_values,no_values,no_values
2380,4101,R_3EgaZrG5WwTmxgU,Female,23,Software engineer,4,1,4
2387,69438,R_V3AYlOQy7VSakut,female,49,technical consultant,5,1,8
2395,48625,R_330TK61stqmljI2,male,34,administrator,4,3,2
2406,93117,R_Rs1oBR3yTNtY1fH,MUNFACTION,33,MUNFACTION,6,3,5
2411,77259,R_qUfVSb57ETkAEsV,female,41,photographer,2,1,2
2426,23593,R_2D8pQoaTeo54e3F,Female,29,Broker,1,2,4
2441,90116,R_aeYCwdM24gQR1br,female,44,disabled,5,5,1
2457,46661,R_1pAoxzj6WXS3RSZ,Female,20,Student,3,3,2
2458,4945,R_0GPKgbBTYTxtBct,Female,28,Teacher,3,1,2
2460,84194,R_3qeOZUF9KnUFSt5,Male,40,Driver,2,1,1
2464,65919,R_1llqPIuwgeiPKY1,female,40,homemaker,5,1,3
2470,31888,R_bHsZeTko1siUV1v,Male,45,Driver,2,1,2
2490,84294,R_31bb0q9QfzNfFwF,Female,25,Scientist,5,1,7
2511,60076,R_3Hq9P4DvZrS69er,woman,43,college lecturer,5,1,4
2512,68882,R_DFWpICwxgavCUPD,Male,23,Driver,3,3,2
2513,18940,R_1gko36y48sG9eDk,female,41,Medical Lab Tech,5,1,6
2525,9706,R_3M4k95rfFD23tX0,MALE,49,SOFTWARE ENGINEER,5,1,3
2527,6194,R_qW5xiYoqWWKUhMt,Female,31,Front Desk,4,1,1
2530,68352,R_2376hdNqzxeeVuA,Male,65,software Engineer,5,1,3
2552,75468,R_d13DBFfq6NK5lVD,male,34,IT Security Analyst,6,4,6
2577,21918,R_3iyCdPMXlCv8yGh,male,31,financial,6,1,4
2588,41470,R_3PmAkicoZ2FMPOh,male,27,warehouse,2,3,1
2614,99936,R_2zDc5cVUopdZYWs,male,40,manager,5,1,3
2616,1047,R_1dyn2hHuP3RUXnE,male,45,counselor,3,1,2
2630,31778,R_2DRLlLpXUcDCbTX,male,32,Writer,6,1,4
2639,61056,R_VRnLyCFpALauasx,male ,50,retired military,3,1,3
2643,94371,R_3oQNb7QWyyARlHW,Male,47,Education Assistant,3,1,7
2644,53640,R_3qk9keJBcgcEcoy,female,34,realtor,4,3,5
2671,65713,R_3es2tIvDxqX1M6F,no_values,no_values,no_values,no_values,no_values,no_values
2680,72050,R_2uy1KMphytssBI1,no_values,no_values,no_values,no_values,no_values,no_values
2681,78672,R_1DMYF6OZmy3iS2j,no_values,no_values,no_values,no_values,no_values,no_values
2683,3711,R_3D7I32vUVHItgdt,no_values,no_values,no_values,no_values,no_values,no_values
2689,55192,R_3ewfM9TouYmlMtw,female,67,retired,7,1,2
2699,69043,R_2cdRTm9bSIVsKPy,Female,59,Retail,3,3,2
2736,52439,R_28G8Nz5oxOVvxAc,female,25,Mturk,3,1,3
2743,57600,R_2s1Gl6JheKsIXfK,female,28,case manager,3,1,2
2745,56462,R_23TsaGfcqgL44b8,Male,44,Supervisor ,5,1,6
2749,22544,R_XZpcsN5pljvfFbX,no_values,no_values,no_values,no_values,no_values,no_values
2765,88147,R_2zFIUobifvCYAkN,Male,38,Support specialist ,5,1,5
2777,9714,R_1g5ZonlI2j4hqMW,no_values,no_values,no_values,no_values,no_values,no_values
2779,71641,R_1LpQnRYZSJOrsgq,Male,19,Student,3,1,3
2783,6525,R_1dfS4C7FTfcaEfg,female,36,payroll specialist,5,1,8
2801,38330,R_O3yi4XXJsbXrVap,male,40,Luthier,5,1,4
2814,95273,R_2fBzqTwtAo0tQFT,no_values,no_values,no_values,no_values,no_values,no_values
2827,95416,R_273uX6i6Thq9JRR,Female,33,Health Assistant,5,1,7
2828,55953,R_1E6f9dlKtbbFYgH,female,37,Freelance gymnastics/tumbling coach,5,1,2
2831,14811,R_QmqrbINWtSJKBZD,Female,45,Librarian,6,1,4
2840,85631,R_qELwH4HKotb2iJP,no_values,no_values,no_values,no_values,no_values,no_values
2865,22991,R_2uDQKsK96irAYiQ,no_values,no_values,no_values,no_values,no_values,no_values
2900,28108,R_1n9iOaVeH1NltkV,no_values,no_values,no_values,no_values,no_values,no_values
2901,1947,R_3sdiuVcMQh4YQaO,female,43,team manager,3,3,8
2909,64721,R_UN0cEcA5EV87kid,female,56,home maker,2,2,2
2913,16795,R_UaJx8IvEvrLTXsl,female,34,homemaker,2,2,2
2922,79298,R_OBdW84ToucafpAt,male,35,constructor worker,2,2,2
2945,19005,R_1pS9s4KYZG8JQfk,no_values,no_values,no_values,no_values,no_values,no_values
2950,75237,R_3lDpyTZJWk6hzCP,male,26,manufacturing,2,1,3
2961,43067,R_3g7P0XKJj1nc2f6,Male,65,Software Engineer,5,1,3
2970,84789,R_3PFXRLJUjkUHdVr,male,31,Lab technician,5,5,12
2972,49217,R_aVmdTlB5Bj5xk1H,Male,42,Editor/Writer,5,1,3
2977,11433,R_1NFmgTggK1FAhsB,Male,54,IT Administrator,6,1,3
2979,33090,R_2tGnTBdqmI92ATa,female,24,unemployed,2,5,1
2986,6703,R_3OitM59oMn4wCS6,female,28,manager,5,1,3
3005,86713,R_2ttGdN1tTo17FJK,no_values,no_values,no_values,no_values,no_values,no_values
3008,20207,R_2uslSDRnwkF3zn0,no_values,no_values,no_values,no_values,no_values,no_values
3013,91985,R_z2SKXQPpbc75DEd,female,34,journalist,4,1,3
3017,41666,R_1Imiqz3VGxMOUBl,Female,49,Accountant,4,1,6
3018,70829,R_12Gv5umTIizthiI,no_values,no_values,no_values,no_values,no_values,no_values
3035,32156,R_3e1UlFGZO7qLliO,female,20,sudent,3,3,3
3040,6281,R_UbYIIqI8pvrt4xH,male,34,engineer,5,6,5
3045,33558,R_PLnSHfSjVNJslqN,female,45,home maker,3,2,4
3051,60306,R_2ctulNtWd7frXWl,female,40,home maker,3,3,3
3053,40550,R_ywrIkogiA8hNeHT,male,45,teacher,4,1,3
3054,38044,R_2zBbjM4QgkiWQsS,female,26,Administrative Assistant,5,1,2
3057,90395,R_2q3fBfrszDZFx0K,female,25,barista,3,3,3
3066,51477,R_3HS4Ogt2OuXV0LV,female,49,Barista,3,1,7
3067,49827,R_3ha8clSx0dQkzAJ,no_values,no_values,no_values,no_values,no_values,no_values
3068,8550,R_3iFmF3BJNIHlN1P,male,45,manager,5,3,5
3082,94395,R_31oBFgLBWYdqDA4,female,55,human resource,4,3,3
3097,95398,R_110WDMlkvcZIXpK,Female,34,Homemaker,5,1,4
3101,16162,R_3kNVZY4VFMxOkOA,male,34,engineer,3,3,3
3106,83215,R_1KoIoX69d5mHd8g,female,34,home maker,2,2,2
3108,2167,R_4UhZqNtVXhl3DLb,female,37,purchasing agent,5,1,3
3110,31956,R_3spIx3fXnKQC4wS,female,34,home maker,3,2,2
3114,20378,R_3HYO72cYve7rD0n,female,34,home maker,2,3,2
3120,89139,R_pzPH941ordHp7pL,Male,62,Self-Employed Freelancer,5,1,3
3133,93957,R_tLgY3eKWnFGTZst,no_values,no_values,no_values,no_values,no_values,no_values
3136,42919,R_ApTE864D26rDHsR,Female,31,Non Instructional Aide,4,1,4
3162,39327,R_3RrqKeVUoLjZufA,no_values,no_values,no_values,no_values,no_values,no_values
3253,60307,R_1fjZ50MRRPLzFJC,Female,32,Disabled,2,1,2
3266,72903,R_af0CY7TKyPrLlnz,male,53,sales and marketing,5,1,2
3279,44431,R_1dFB6GGwEZYbXb6,Male,65,Softeare Engineer,5,1,3
3281,97999,R_3PGK2NLQ1iac2MG,Male,29,Warehouse Associate,4,1,2
3282,27754,R_1QmX4NU5wp5Bb1E,female,64,retired,4,1,1
3289,65209,R_OdMqOAVrphwTHwd,female,30,Freelancer,3,1,2
3306,16884,R_1eY2gIhtp3v0X7r,Male,34,Barista,1,2,1
3313,9455,R_SOTzusnu3q31TMZ,female,35,consultant,4,1,4
3314,64836,R_vrl3aFCUfIsQt2h,Female,40,Self Employed,4,3,3
3324,70683,R_2ZTudHx92NEpnhx,female,34,engineer,5,4,5
3329,75765,R_1riGfbJQ91k0IyV,Female,49,Consultant,6,7,4
3331,39193,R_2sYnKmetvsN1oIg,female,45,home maker,2,5,3
3334,34556,R_R9sUfWtPLJL36bD,female,54,home maker,3,3,3
3336,81704,R_33e5HpkE6c2AAr0,male,36,clerical staff,2,3,3
3340,99481,R_2xK8Qlepyfacvlf,no_values,no_values,no_values,no_values,no_values,no_values
3342,72276,R_2QyPyr6B30Mh143,male,45,consultant,5,1,5
3349,39557,R_3HTiaOp1dF4r4iy,no_values,no_values,no_values,no_values,no_values,no_values
3350,90370,R_2SxBPVgFA80Ra5S,female,45,consultant,3,3,4
3352,50133,R_VWkKOs5XiQvsJ0t,female,46,clerk,3,3,3
3355,41470,R_sFCLo8N7ta5QILv,female,57,Billing Specialist ,6,5,5
3363,42885,R_1LdRxhscSK8d9VL,Male,34,Engineer,7,1,3
3371,42169,R_1M5M4Yhnmkmf5zQ,Female,23,Student,4,1,3
3372,37889,R_3Gp99gJSPrNkxd3,no_values,no_values,no_values,no_values,no_values,no_values
3373,19973,R_2t3c4SLlth6RTjX,female,30,assistant,6,5,4
3374,20386,R_3fCWpaGddBPv25F,no_values,no_values,no_values,no_values,no_values,no_values
3376,14343,R_3rVvxge1i76g7At,Female,50,Unemploymed,2,2,2
3381,14158,R_31pGxpCHpkOlTwg,Female,22,Student,4,2,2
3395,54674,R_1H8MmRbZYRkEfEs,Female,34,Home maker,3,6,5
3397,1782,R_1psSr6PZ3iLjgZD,Female,60,Unemploymed,3,3,3
3402,3606,R_YabOtJc5MvpFyRr,Male,34,Customer representative,3,3,2
3406,45540,R_1ZK3SDyD8VpQBuV,Male,34,Consultant,3,2,3
3407,47743,R_1jCxN2vUg7m7Y2j,Male,47,Consultant,3,3,3
3409,63230,R_32Qp70SNukCXoFm,Female,45,Home maker,2,3,5
3411,16947,R_2fHyt1l8JZWllQX,Male,29,Software testing engineer,4,5,4
3412,92820,R_1prnoxso3u3AV3y,Male,50,Consultant,4,2,3
3415,70044,R_3K3eFnIqpqQVlYd,male,43,Sales,5,1,4
3418,71230,R_24dbk30FRzTZRgi,Male ,50,Retired,5,1,3
3423,24651,R_21gmpaz4IFHsu3n,Male,60,Retired,4,1,4
3432,83896,R_723uYqEBZi8pec9,Female ,36,Tech manager ,5,3,2
3434,33138,R_20MqAIKJEsZiuJx,no_values,no_values,no_values,no_values,no_values,no_values
3439,6031,R_UEASLuuDaOmr7RD,no_values,no_values,no_values,no_values,no_values,no_values
3440,78013,R_10TKGjWmGJSubxZ,female,54,Personal Care Assistant,4,7,5
3464,97462,R_3foWQ7tv0K7LBZ8,no_values,no_values,no_values,no_values,no_values,no_values
3471,85149,R_9AKI33gBDDXAT6x,female,34,Barista,3,3,3
3472,72190,R_3oYNz9c9Dju8oLG,no_values,no_values,no_values,no_values,no_values,no_values
3473,17646,R_28YFLQO6uft3RYQ,male,20,student,3,1,2
3477,13625,R_2xLbkKUlpBPZhrd,female,22,student,4,2,3
3479,33132,R_32WoczPUZet2Gwn,female,55,home maker,2,2,3
3482,21581,R_2uBCd4tqrcSskyN,no_values,no_values,no_values,no_values,no_values,no_values
3508,48214,R_1LqyomduLGdJXVc,no_values,no_values,no_values,no_values,no_values,no_values
3511,28230,R_3hut5QWwIwEjWy6,Male,37,Manager of Engineering,5,1,4
3519,6207,R_2xV1QkSAw0WoPXZ,Male,43,Cook,5,1,3
3525,94568,R_2vkt7973dX7d3cN,no_values,no_values,no_values,no_values,no_values,no_values
3537,85099,R_3JKTLdcQ57Cm2Qw,"you stupid curry niggers always make me laugh. This much work for this little pay and you want quality data? You're a joke, kill yourself.","you stupid curry niggers always make me laugh. This much work for this little pay and you want quality data? You're a joke, kill yourself.","you stupid curry niggers always make me laugh. This much work for this little pay and you want quality data? You're a joke, kill yourself.",5,6,7
3551,4624,R_vqN8kyqWZhL40mt,male,52,sales,3,1,4
3553,62794,R_2TRE7XQmjedz7BT,male,61,customer service retail,4,1,2
3603,37967,R_ZaRV2nD4hVmofi9,male,48,operations manager,3,1,4
3611,77059,R_1NgXJjIGetOSyiw,Female,45,Teacher,4,2,3
3628,94042,R_2BnvE4lDmyGLOPN,female,45,software engineer,5,3,5
3634,18485,R_2QzXyvIwAN88cc3,male,34,driver,3,1,3
3635,55163,R_1OuD1VFB3cLe2ab,Male,50,Freelancer,4,5,5
3636,94088,R_3iKERmZCUuEkggb,male,34,teacher,4,5,4
3668,37002,R_3JxUgmZvbY5Pv4C,male,32,driver,3,4,1
3670,65384,R_2wyiwzHwtt2rfBW,female,34,home maker,3,5,3
3671,34483,R_eJQ2YdsV2mgVYNr,male,20,student,3,2,3
3678,98878,R_1C6FrezWvt5OmBP,female,40,home maker,3,1,2
3701,97359,R_33D5lX6YHazDeE4,gondermull,24,flight attendant,4,6,3
3706,48221,R_2w4s6Qx2ZBbao70,female,34,Self employed,5,1,3
3715,41886,R_ZBJtWTcslCI1p3b,Male,34,Data Security,4,1,2
3717,2889,R_2sc1uOerStcv4cH,Male,30,Hair stylist,3,2,3
3722,72706,R_1gCrIqA6H60Ayoj,Female,37,Counselor,3,4,3
3731,30008,R_1exv4OarW56D1z3,males,46,security guard,2,1,2
3736,58584,R_3jd5chza09LQqpW,male,45,driver,2,1,2
3740,74238,R_1oe78Aj8RsfFKQV,female,58,clerk,4,1,3
3748,56113,R_1pGOFCAsPVmlDyQ,female,21,student,3,2,2
3749,7822,R_10BIoxluDUIXdlM,Male,45,driver,2,2,2
3773,48363,R_DduN539rpOneuuB,male,53,computer support,5,1,2
3776,82799,R_3hgsWONQUzFVndU,male ,40,driver,2,1,3
3780,92009,R_XUpRGc8zmw5AaRP,female,56,retired,4,1,3
3784,58080,R_3kOiTR88UoMWrD4,male,37,chef,4,2,4
3789,27219,R_3plizdqsrxB39EQ,male,22,student,3,3,3
3792,75533,R_1pQjc4Mv7l4xFw7,male,50,counselor,3,2,4
3823,35754,R_818ukOSeELaa6bL,male,34,chef,3,2,1
3834,57551,R_1IT1AjMry5bfmWd,male,36,support engineer,3,3,3
3838,8872,R_WvR3RkxszE3LhzH,female,45,journalist,4,4,3
3848,9667,R_3M9EtCth6muJ4IS,female,41,educator,5,1,5
3859,88056,R_1kIaoiozzTN4ocm,male,31,cleaner,3,2,2
3860,95023,R_333yY8X0eL4jFqZ,female,43,independent contractor,4,1,3
3866,24181,R_2eQ37uhJWIcvw2w,male,23,student,3,2,2
3880,75547,R_XuBQxHvOw5LqleF,female,45,artist,3,2,3
3885,17420,R_UJEgfQcoun9u9B7,Female,32,Merchandiser,2,1,3
3897,98617,R_2ylzemzUqVNwmpa,no_values,no_values,no_values,no_values,no_values,no_values
3900,41312,R_40lzQEs5WzRp1G9,Female ,36,Manager ,5,3,2
3903,33592,R_22xzLGGiTM33nGB,Female,21,Student,2,5,8
3912,64567,R_25LTsjX8W2yN1Qp,Female,25,Veterinary Technician,4,1,4
3949,84788,R_1jPsy914hQ7tNuc,male,26,art,4,2,1
3982,50279,R_1mmaYGoADRCp2R8,MALE,47,ENGINEER,5,1,3
3990,69460,R_1ie636HBcNHYPYG,MALE,36,ASSOCIATES,5,1,3
3991,48141,R_BKEZnns9qgSi9ih,Male,50,Software developer,5,1,3
3992,70908,R_viDSdlvUndqVY65,male,53,manager,5,1,4
4002,26026,R_1OoQwHbgHDKVsHm,female,52,software engineer,5,1,3
4003,14163,R_1FsVw9h8MBuGXzv,FEMALE,47,SOFTWARE ENGINEER,5,1,3
4006,66741,R_NUQmR70FObtYCtP,female,55,Software Engineer,5,1,3
4020,79114,R_3j7l8keMrffDb0s,female,34,associates,5,1,3
4022,35235,R_3MKaM3oSoRNQgf5,Male,44,Claimsmanager,5,1,3
4028,55278,R_RCFf4dzK57vPBcJ,male,36,associates,5,1,3
4032,37536,R_2sXweT6dfXsEhg1,male,53,manager,5,1,3
4038,96694,R_2wtRvlx3x25nhco,male,47,engineer,5,1,3
4045,89689,R_1eEoihghELkTRNe,male,28,Employee,5,1,5
4049,40037,R_2rPy42CRD5mHX81,Male,50,Software developer,5,1,3
4104,26440,R_yNKfHQc5n52PPa1,Female,45,Teacher,3.0,3.0,2.0
4118,90635,R_ZC4oEioGXN0MNPz,no_values,no_values,no_values,no_values,no_values,no_values
4122,78180,R_3GleUTgtkz52OzB,male,22,student,3.0,3.0,2.0
4124,58696,R_1B3P5LyMpeJF7hv,male,45,Veteran,4.0,1.0,4.0
4126,11626,R_uab3Ltp8YFPolMt,no_values,no_values,no_values,no_values,no_values,no_values
4127,35076,R_psGFJTpSGiemfrH,Female,34,Home maker,3.0,1.0,2.0
4131,65496,R_1mmEiiwe4q7awQh,Female,28,Home health aide,3.0,1.0,3.0
4136,8558,R_31n1agIm7XiCMnS,male,51,sales manager,5.0,1.0,7.0
4138,66588,R_32Mk1d7SUfIlJg4,female,21,student,2.0,3.0,1.0
4139,72443,R_23ftKZLJckWHME7,male,45,freelancer,3.0,4.0,3.0
4140,51588,R_1GvwbmTHYY71fci,female,39,cleaner,3.0,3.0,2.0
4142,70903,R_3IQM37zwtLQV6u7,Male,45,Chef,2.0,2.0,2.0
4143,36785,R_2w1c6vLmOQwfZ0h,female,34,freelance developer,3.0,1.0,3.0
4145,45793,R_2SDNn7SYv1fu5ca,female,45,cleaner,2.0,2.0,3.0
4147,4197,R_332QMTeCTYyKbt8,female,consultant,30,4.0,1.0,4.0
4149,70800,R_2VgvGQf1kVnVdJ0,female,50,home maker,3.0,2.0,2.0
4150,25771,R_aaQN7mk3aNZkZ1v,no_values,no_values,no_values,no_values,no_values,no_values
4151,23757,R_279TfL8akFpFLVC,Male,36,Manager,5.0,3.0,3.0
4152,4752,R_9NoNOC0Ks2oGdC9,Female,45,Engineer,5.0,3.0,3.0
4154,16542,R_3lMqZJ7gwzLG2N4,Male,34,Cleaner,3.0,3.0,2.0
4157,73358,R_es8tXHVM2p746vn,male,33,educator,5.0,2.0,3.0
4159,42105,R_2aklnxjPXsoeQNM,male,43,manager,4.0,2.0,4.0
4160,1964,R_3R9qwaNn9Ah2XTE,no_values,no_values,no_values,no_values,no_values,no_values
4161,48087,R_3pr7uPDHdub5N1A,females,20,Student,2.0,1.0,1.0
4174,89419,R_28IC1Zj3sFQAiUt,no_values,no_values,no_values,no_values,no_values,no_values
4175,44813,R_2VwrxovtWlRf0Cp,no_values,no_values,no_values,no_values,no_values,no_values
4176,85831,R_a44k6ZHoTxJ36Vz,Female,45,Marketing director,7.0,3.0,11.0
4181,87607,R_2rTJ8PJlPL8skXJ,no_values,no_values,no_values,no_values,no_values,no_values
4192,94866,R_6Sc0M0NONRa6OeB,no_values,no_values,no_values,no_values,no_values,no_values
4196,53576,R_1JDBnTx3BSZsKDp,female,30,Nurse,4.0,1.0,2.0
4199,32623,R_cUgnBBdCxDi0QRX,female,24,sales,3.0,1.0,2.0
4203,28382,R_26lnyZCPdHQwxV7,no_values,no_values,no_values,no_values,no_values,no_values
4222,65149,R_3oSDH4ML295Jzxz,no_values,no_values,no_values,no_values,no_values,no_values
4223,26513,R_enX6if9IgC0EfFT,no_values,no_values,no_values,no_values,no_values,no_values
4243,24140,R_vohGi0WIyzuOEKJ,Male,23,Freelancer,5.0,3.0,5.0
4245,99163,R_R372Q2GFsgGQoHn,female,30,mental health technician,6.0,1.0,6.0
4254,16607,R_1lAn0LVvgO1xCiM,male,34,chef,2.0,2.0,2.0
4256,97383,R_4PEliwiBNg8zMel,no_values,no_values,no_values,no_values,no_values,no_values
4257,57828,R_3OjHCMaBQ31J157,no_values,no_values,no_values,no_values,no_values,no_values
4258,49990,R_vp3ZmoqRi092FOx,female,45,driver,3.0,3.0,2.0
4259,74338,R_1jN9PVjV6WBST0o,Female,26,Line cook,3.0,1.0,1.0
4269,65856,R_2dzGQswx8jQEfEe,male,45,manager,4.0,1.0,4.0
4270,24097,R_1g0js4uPUgYuycg,male,45,veteran,4.0,1.0,3.0
4275,83088,R_PFZ9HriH9tqrcdz,female,34,esthetician,4.0,1.0,3.0
4279,57079,R_2QnbCoP0Kgaovsr,male,34,constructor worker,2.0,2.0,2.0
4282,28609,R_3ixnJbAx4jHSykK,no_values,no_values,no_values,no_values,no_values,no_values
4285,74427,R_1DGzWVj0A4jXeOM,female,manager,40,5.0,1.0,5.0
4289,33807,R_2U5jOp0UDm8wPQd,no_values,no_values,no_values,no_values,no_values,no_values
4293,41143,R_XpQad5nld3kXw0p,male,47,manager ,5.0,1.0,3.0
4294,41200,R_2urLEwivmNngGnF,no_values,no_values,no_values,no_values,no_values,no_values
4295,52880,R_3L4Qwyc2ZOXN1ge,male,36,associates,5.0,1.0,3.0
4300,1972,R_3MrRnkWEBIxSTLD,female,52,software engineer,5.0,1.0,3.0
4304,12789,R_doPqKDyTKgn6GHf,no_values,no_values,no_values,no_values,no_values,no_values
4314,33045,R_T1PehOHYfcKtVpT,no_values,no_values,no_values,no_values,no_values,no_values
4342,63192,R_dhGoB4a6jzV27Pb,female,34,nurse,4.0,5.0,4.0
4343,40271,R_XvuFmCyJrflh4Wt,FEMALE,26,MANAGER ,6.0,1.0,5.0
4347,38280,R_3IQwsPz8TW9aa8N,female,37,retail,6.0,1.0,3.0
4350,68738,R_125skFl6yyPkVXA,female,34,home maker,1.0,3.0,1.0
4357,42511,R_2QhUZ8MeTLsVLqp,female,realtor,34,4.0,2.0,4.0
4360,41393,R_STf9iRf9E15tyJH,female,35,nurse,4.0,1.0,4.0
4371,12918,R_1BVGDQ7Vd1XWXls,male,20,student,3.0,2.0,2.0
4376,28054,R_3nu6jRiMhhp07Yx,female,40,home maker,3.0,3.0,4.0
4380,95515,R_2OHMekXi6vKBmKk,male,45,veteran,4.0,2.0,2.0
4384,92987,R_3O9tniQJRV54noT,female,34,home maker,3.0,3.0,2.0
4389,99550,R_11bTZI2VgbgqhVj,female,50,home maker,3.0,2.0,2.0
4391,40136,R_1P6HJ1vLKhvFdqP,female,34,nurse,4.0,3.0,2.0
4392,8856,R_OybKG2awhxPfEg9,Female,27,Paralegal,4.0,1.0,5.0
4394,75039,R_3hEDDs2WtbUCDRB,female,34,home maker,3.0,2.0,3.0
4396,45752,R_1NytI6yNmYD0wr7,mael,50,government,6.0,5.0,6.0
4403,60139,R_247U5wfc8r6ReXL,female,29,sales manager,5.0,1.0,6.0
4405,10792,R_yR4FHcarB2dRY7n,Female,23,Student,3.0,1.0,2.0
4424,74062,R_bg9XajRi9KbKT3b,female,44,teacher,6.0,1.0,4.0
4425,72049,R_1FPAukzDhZSDRxp,female,36,childcare,4.0,1.0,3.0
4426,46746,R_1kH0mdQ6ixsxXsJ,Female,45,Fashion designer,4.0,1.0,4.0
4427,95374,R_3s5nganTEqELjlC,female,36,fulltime ticketseller,6.0,1.0,4.0
4435,25434,R_rp52zrfNM99u717,female,60,retired,4.0,3.0,4.0
4443,33126,R_294SGSTouXD4yAM,agender,34,cleaner,3.0,1.0,2.0
4444,62484,R_2xYnJC0jmtgaiM9,male,40,technical support,4.0,1.0,3.0
4445,93881,R_UcBU8bEeMy2IQNP,Female,23,student,3.0,2.0,2.0
4447,17836,R_3EZohN022rUWH7S,female,37,realtor,6.0,5.0,4.0
4448,85771,R_278nFnxLDHjq9hA,male,40,real estate agent,5.0,2.0,3.0
4452,37562,R_2Vev19WKRu5kuKc,Male,34,teacher,4.0,1.0,3.0
4458,34431,R_Wlhc9RJZO0bhwnD,Female,67,Retired,5.0,1.0,4.0
4473,30591,R_DM1zi39LkOW4K7T,female,32,Restaurant work,5.0,1.0,2.0
4488,9816,R_1j9XDg6CHBOc3jw,female,21,self-employed,5.0,1.0,4.0
4497,62377,R_sLtJNReZw5om6Q1,female,33,dispatcher,5.0,1.0,5.0
4502,12282,R_5sYrGIw5kwKlePn,Male,46,Manufacturing,5.0,1.0,4.0
4507,28783,R_1r9CMebQAJr66tA,Male,23,Retail sales associate,2.0,1.0,3.0
4513,96476,R_2wGruIFjdnd7Ohv,no_values,no_values,no_values,no_values,no_values,no_values
4515,68954,R_2TmxxIfSclzaC6g,Female,34,Nurse,5.0,1.0,4.0
4528,25380,R_0NVOrOxkb1IzJ9T,Male,22,Student,3.0,2.0,3.0
4532,97459,R_2rBLMQs6njc1Zxg,Female,37,HR manager,5.0,1.0,5.0
4538,70267,R_5pdEsxGdCC3E2K5,Male,39,Analyst,4.0,1.0,3.0
4543,49065,R_XGoRY34DPF3q3o5,Male,50,Veteran,4.0,3.0,2.0
4547,16115,R_UuUCTPlOWj25okh,Female,40,Analyst,5.0,3.0,4.0
4559,52468,R_1OoCZ6H9XEcBHwV,Male,30,HR,5.0,1.0,4.0
4577,69909,R_1MMUJuXklBe04H7,female,35,Third grade teacher,6.0,1.0,2.0
4684,79912,R_1KjqZLM5hDfhUkq,female,56,sales,5.0,3.0,5.0
4687,78782,R_2rMVLYauHUHZeEt,Female,45,Home maker,3.0,4.0,3.0
4696,33587,R_2CWiGtpfHkWD9JO,Male,56,Retired,4.0,3.0,3.0
4699,8788,R_3KUwTv2JYAsiSy7,Male,34,Engineer,5.0,1.0,5.0
4703,93759,R_O9I3L67BUtFA8Vz,Male,60,Retired,3.0,1.0,2.0
4704,20597,R_217mKc7iXsVaAzc,Female,36,Sales,4.0,1.0,4.0
4712,84167,R_AHCHCawVsguyGid,Male,35,Self-employed,5.0,1.0,1.0
4713,88261,R_xbljUiBYSU4uphf,Male,44,Manager,4.0,1.0,4.0
4718,3129,R_scmhPmfOhAx6ZAl,Male,40,Chef,3.0,3.0,3.0
4723,73878,R_25zTvGCDTTtj2E4,Female,18,Merchandiser,1.0,1.0,1.0
4743,39648,R_3p4gAyVzMqkYgDi,male,42,Apple Advisor,6.0,1.0,2.0
4755,69003,R_3O0tG5RxBkJvr9C,no_values,no_values,no_values,no_values,no_values,no_values
4769,4439,R_339YRltH7xZmPbG,female,67,retired,4.0,1.0,1.0
4775,99900,R_1GvIRn0e9gtLhQG,Male,53,Application Architect,5.0,1.0,6.0
4791,64419,R_2wuFZXEfitlnbo5,Male,20,Student,3.0,1.0,2.0
4793,95227,R_3lE29cICSCba4ai,no_values,no_values,no_values,no_values,no_values,no_values
4796,52706,R_2CQa5LQR7MvTvdF,Male,37,Constructor worker,3.0,1.0,2.0
4804,56756,R_27KJ2GND73PovgA,Male,50,Freelancer,4.0,1.0,2.0
4807,50608,R_3dFCuDc9tAN3QgW,male,35,administrator,5.0,8.0,3.0
4812,46325,R_3noTAW5eh677p1i,Female,33,Software developer,5.0,1.0,4.0
4817,90644,R_2YyNcCSKnzRRCfi,Female,45,Cleaner,3.0,1.0,2.0
4822,37140,R_3flsnyESWhlTFjl,Female,33,Cleaner,3.0,2.0,2.0
4825,42157,R_revhnnpGznuvPZ7,Male,34,Cleaner,3.0,2.0,2.0
4827,69707,R_3oRUYAY1CIxhlgV,Female,45,Cleaner,3.0,1.0,2.0
4841,52228,R_phe0N8FgJAkr0C5,female,52,paralegal (currently unemployed but looking),4.0,3.0,5.0
4842,46715,R_1DYyG1YHV7dS4AN,Female,63,Retired,2.0,7.0,3.0
4844,48760,R_2DTRxCzK4hCn7sp,Female,39,Registered Nurse,5.0,4.0,11.0
4846,66603,R_2AMXVy821oeqLD7,female,54,photographer,3.0,1.0,2.0
4890,48308,R_2riP7FyIT8wTYnA,male,57,air traffic controller,3.0,1.0,6.0
4903,1671,R_3L1od7f7YUNeeN5,female,53,sales agent,3.0,1.0,3.0
4905,80749,R_Q6O1KgXlbaHvfih,Male,32,Technician ,2.0,1.0,3.0
4919,55418,R_BYf7lwli7A9FqyR,Female,23,Student,3.0,1.0,3.0
4922,24639,R_r2M9Y36FkimLS1z,Female,20,Student,3.0,1.0,3.0
4933,94382,R_2dF35pPnqhVZBiS,male,40,teacher,4.0,2.0,3.0
4957,34644,R_1pGWDEO39ixKlk8,male,23,student,3.0,3.0,3.0
4961,89452,R_22XJni5nRsIJczq,Female,32,Banker,4.0,1.0,2.0
4963,79925,R_27QcfsQSyTPtJnl,male,25,hair stylist,4.0,2.0,3.0
4970,17340,R_3PcrJg75odNFq4X,Female,47,Systems Analyst,5.0,2.0,6.0
4972,84594,R_BWyTwtDCBVeKNkR,female,20,student,3.0,2.0,2.0
4973,67441,R_2VlrST83SH4xJHb,female,32,Teacher,6.0,1.0,2.0
4975,58754,R_1P7Au5FKdYRJqdl,female,20,student,3.0,4.0,2.0
4978,57332,R_2xQ4393ExGHX6rj,male,40,hair stylist,3.0,1.0,2.0
4981,29941,R_3IXNbOPgRgygvN9,female,33,cleaner,3.0,2.0,2.0
4992,54055,R_PGJI2T77PHDe8CJ,female,20,student,3.0,3.0,1.0
4995,41311,R_2awppkVbHnGVfpb,Female,39,Social Service Employee,6.0,1.0,3.0
4996,23010,R_3fvCDApyBbXNHIF,male,22,student,2.0,2.0,2.0
4998,71122,R_33wEaNEPkJ0gdc9,female,20,student,2.0,2.0,2.0
4999,39189,R_3iEcUqG9XZlStYw,male,50,veteran,3.0,3.0,3.0
5002,14217,R_x4rSX7YKkQgfNvj,male,20,student,3.0,3.0,2.0
5006,8577,R_1pzZNPWlmj3O88B,male,20,student,3.0,2.0,3.0
5009,15999,R_vjemAGI3auElYdP,male,50,manager,4.0,1.0,4.0
5010,1651,R_21GGUlqVfHV0sFa,female,40,consultant,5.0,3.0,4.0
5013,87721,R_2BsreC1KIOwUpED,female,20,student,3.0,2.0,2.0
5014,84205,R_3I3qKGuJMacS4aZ,Female,34,Government,5.0,1.0,4.0
5015,60520,R_1eRCWkte6o7h9kh,male,33,consultant,4.0,3.0,3.0
5017,18891,R_1PRxR0yH4btZq6d,female,44,cleaner,2.0,2.0,1.0
5019,32254,R_1g2uulZmDFd2A5t,male,40,driver,2.0,3.0,2.0
5020,32739,R_RgLggEs3ZJT46R3,female,40,teacher,4.0,2.0,3.0
5022,71746,R_33fLIdUP9QFqWWd,Female,20,Student,3.0,6.0,2.0
5023,10749,R_2Xie2fgmlJewaSb,Female,38,Advertising Coordinator,5.0,1.0,3.0
5024,18748,R_2c2csHNSEAMPLlm,female,56,landlord,5.0,1.0,2.0
5036,8397,R_PTJRtebp15YtD3j,Female,23,Electron microscopist,4.0,1.0,4.0
5044,67747,R_40gPZE54bfafKHT,female,48,Manager,4.0,1.0,3.0
5059,3506,R_3Eyg2UD0i8A4Hy5,female,31,freelancer,5.0,1.0,1.0
5060,46319,R_Ov6DFgoU4cicvzH,Male,33,Social Media Rep,5.0,1.0,2.0
5062,22907,R_3dQu8V3iMH9Ee1n,Female,35,Preparation Worker,3.0,1.0,4.0
5113,75686,R_3po0t3y0p3jgOWO,no_values,no_values,no_values,no_values,no_values,no_values
5116,83490,R_2TmHIFEFEsbmNqa,F,48,self employed,5.0,1.0,5.0
5130,74134,R_r2LLOvIaH0sQwoN,female,51,Data Entry,2.0,1.0,1.0
5135,39399,R_126eDRhmW4O9uCi,Female,46,Corporate Travel Consultant,5.0,3.0,3.0
5152,485,R_24dbFqxlNm2ucYh,Female,36,Business Owner,3.0,1.0,5.0
5161,82111,R_ZfUSdrmofykq95n,no_values,no_values,no_values,no_values,no_values,no_values
5171,29278,R_3rYgj5Kzsd8acJt,female,33,office worker,2.0,1.0,2.0
5180,88890,R_1H8fAgkzjPhQaLe,male,23,IT Technician,5.0,1.0,6.0
5181,3650,R_Cmle7OnMJZJXhXX,Male,29,Pharmacist,7.0,5.0,5.0
5182,69833,R_24bWcmOd7EPGUrJ,female,46,cfo,7.0,7.0,4.0
5189,36922,R_AdLbHLWMCTp44WR,female,45,data entry,3.0,1.0,4.0
5190,53838,R_bJf4YFPFjwsHX7r,no_values,no_values,no_values,no_values,no_values,no_values
5195,30517,R_2wH3fC4gWRRA6KF,Female,21,Student,3.0,7.0,1.0
5198,55449,R_12SyTgUDE125RdH,Female,25,Paralegal,5.0,1.0,5.0
5204,90840,R_2U5gYOPhDRXbHOV,female,35,home maker,3.0,1.0,2.0
5207,55387,R_vpZjP5Q72Ew4XPX,female,50,home maker,3.0,2.0,3.0
5211,52619,R_2tth4mEVy7XY8d5,male,45,manager,4.0,5.0,3.0
5212,44831,R_2B5Vb8xU4QqdLaW,female,69,RN,5.0,1.0,2.0
5214,5632,R_2CfY308zg8hqhct,male,55,veteran,3.0,3.0,2.0
5215,63897,R_e379SdR1qst1Wlr,female,50,home maker,4.0,2.0,3.0
5217,53022,R_1LunMjhRPSnj6Bf,female,22,student,3.0,2.0,2.0
5218,99750,R_2dtqXvAx632im8C,male,20,student,3.0,2.0,2.0
5219,80895,R_10GxMVT7DHwj39R,female,40,cleaner,3.0,2.0,3.0
5225,16153,R_6W44DVpILVzV6dr,no_values,no_values,no_values,no_values,no_values,no_values
5238,77266,R_2EzXFJxMtqnl1fU,female,25,driver,3.0,4.0,1.0
5239,98646,R_5ou6awOd2R9wvNn,Female,32,Corporate Sales,3.0,1.0,2.0
5241,17803,R_2YEskQDurWGp7hk,male,50,veteran,4.0,1.0,3.0
5243,98824,R_12ihXuaA34LDvso,male,40,consultant,5.0,1.0,5.0
5247,76546,R_3Kvkyw6J8F74O6l,male,50,unemployed,2.0,2.0,2.0
5257,40145,R_BzANNPKvct17YQx,female,35,RN,4.0,2.0,3.0
5261,3486,R_3HII40JaB7Z3oVe,male,50,Veteran,4.0,3.0,4.0
5262,76080,R_1FOGv187IcEeVw3,female,38,home maker,4.0,3.0,2.0
5263,89933,R_eRrGCsvlvBJHowF,female,40,consultant,3.0,3.0,2.0
5265,94633,R_1kMr2vWIG3NEXkI,male,20,student,3.0,2.0,2.0
5266,99903,R_pQ4LeYTtk2XXA77,male,30,consultant,4.0,3.0,3.0
5267,10636,R_3fIhrFj5hdYfzKi,female,40,teacher,5.0,2.0,3.0
5269,49380,R_1Lup6yMobmPGmoi,female,33,Insurance underwriter,3.0,5.0,6.0
5302,62088,R_1GNwDZLSKpDy4LO,Female,35,Administrative Assistant,5.0,1.0,3.0
5305,56955,R_2PnciAAlzRN6oBP,Male,30,Software developer,4.0,1.0,5.0
5312,4817,R_pKvCasfssOg4KRP,Female,40,Teacher,5.0,4.0,4.0
5317,79316,R_4JJ3o9CDawOGmlz,Female,45,Manager,5.0,1.0,4.0
5321,1591,R_yyBTx1XvsXld1q9,Male,34,Consultant,4.0,3.0,2.0
5322,56174,R_1cZFfC3Kdlj52r9,male,38,Public Safety Dispatcher,5.0,1.0,9.0
5328,94169,R_vJthfV9g4LaQbNT,female,23,homemaker,3.0,1.0,11.0
5352,49549,R_1joBcImbJ64xR8T,no_values,no_values,no_values,no_values,no_values,no_values
5356,24300,R_38WggpIXFNmYSe5,male,28,financial specialist,5.0,5.0,3.0
5358,2059,R_3ISHkesllNCJfTK,no_values,no_values,no_values,no_values,no_values,no_values
5365,56896,R_yxyjsSrMmN69QNX,no_values,no_values,no_values,no_values,no_values,no_values
5374,61541,R_2ClE9B8KFnhrOIq,no_values,no_values,no_values,no_values,no_values,no_values
5388,7541,R_2ylxFZnz6uO8wFw,no_values,no_values,no_values,no_values,no_values,no_values
5390,59637,R_3Rq1imKmfQbZl9c,no_values,no_values,no_values,no_values,no_values,no_values
5403,65915,R_2QJy7rAHtxtKZyY,no_values,no_values,no_values,no_values,no_values,no_values
5407,47650,R_3NUt4Gi3o9ebiu9,no_values,no_values,no_values,no_values,no_values,no_values
5416,81861,R_1MZq3LJWTKAMyDm,female,51,supervisor,5.0,1.0,7.0
5419,37331,R_cUZhy9ePtEuLOmt,female,43,insurance agent,6.0,1.0,1.0
5439,3508,R_s6j4DAxfZwULmhz,Female,42,Conservatir,5.0,3.0,4.0
5448,30918,R_1JK1qwx5azTz9uc,no_values,no_values,no_values,no_values,no_values,no_values
5452,3916,R_3s4TphcBcfFC7PM,female,44,service advisor,4.0,1.0,12.0
5456,31642,R_paC59QZKrFzf9AJ,Female,51,Content Writer,4.0,1.0,2.0
5459,2682,R_3Rq5xg8Y5mPvovt,male,20,student,3.0,1.0,1.0
5460,84638,R_xurCMpsJJ8AHfmF,female,40,home maker,3.0,5.0,2.0
5462,73394,R_2b18sJIhCHQwZuY,female,46,home maker,1.0,2.0,1.0
5464,8363,R_2eWO7Za8sbNZnyl,no_values,no_values,no_values,no_values,no_values,no_values
5466,5697,R_3NEh2g1Eaes8P6d,female,40,home maker,2.0,1.0,2.0
5471,97373,R_ZkQYHoCL3uPpzgd,male,45,manager,5.0,1.0,4.0
5476,99709,R_3G1WdZkghJNzeuL,Male,44,Manufacturing Senior Engineer,5.0,1.0,4.0
5489,70869,R_9KTSDQzvCRClr7H,male,50,veteran,4.0,4.0,2.0
5491,30918,R_XtciWgrzZRwKWs1,female,50,RN,5.0,3.0,8.0
5495,95821,R_2wSGZKylZAFgWFt,female,34,graphic designer,6.0,1.0,5.0
5501,35805,R_Pv8F82XthL1VzQl,male,30,sales manager,3.0,1.0,3.0
5508,47036,R_3kbwbiUSF9XXmIO,female,50,home maker,3.0,1.0,3.0
5511,35942,R_3M5QtrDHHmyJuSc,Female,27,Business Manager,3.0,1.0,3.0
5513,22305,R_erghknoqomgeEc9,male,40,home maker,3.0,1.0,2.0
5514,70396,R_3HizvlrCVP5pDWa,female,20,student,3.0,3.0,2.0
5519,92868,R_DpFDdTKkChayOjf,female,20,student,1.0,1.0,2.0
5520,71148,R_3rUFwmCKs7twgPA,female,33,office manager,3.0,1.0,3.0
5524,66715,R_1hSgkSTSsjo6R1o,female,50,Home maker,3.0,1.0,2.0
5527,36483,R_1eQScKXYeUwbkjg,male,20,student,2.0,2.0,2.0
5535,16845,R_23dCtnffJ7ZMNGY,female,45,manager,4.0,1.0,4.0
5536,90984,R_xbjXctfeSYdGNl7,male,50,consultant,4.0,1.0,4.0
5539,79489,R_2Qu5b5wHjMogmOZ,agender,40,software engineer,5.0,1.0,5.0
5544,70257,R_3qsbwKGUlkDCxmF,female,40,RN,5.0,3.0,4.0
5545,11690,R_3popTUX4yH6Smqh,Female,19,Sales Associate,2.0,7.0,5.0
5546,29224,R_2cznmTRH8KOkXx0,female,46,driver,2.0,3.0,1.0
5548,13748,R_2Cv17SqE93hcYrN,female,45,RN,5.0,2.0,3.0
5551,61628,R_1pXugetoW9JiRYC,Female,40,Teacher,3.0,2.0,2.0
5552,64601,R_aV4bhzlISsRhvxv,female,45,researcher,5.0,1.0,3.0
5556,46109,R_ByA2qDgjOyt8pQl,male,50,veteran,4.0,3.0,2.0
5558,1802,R_2sq6ylwcWRKlCrD,male,50,veteran,5.0,1.0,3.0
5562,34061,R_snV0ExlX3VPT0jL,female,45,home maker,3.0,2.0,2.0
5566,55747,R_1eDUNJ2kRhggMAr,no_values,no_values,no_values,no_values,no_values,no_values
5580,53439,R_OxKECZqMjG8EX73,no_values,no_values,no_values,no_values,no_values,no_values
5586,49192,R_YY0LakK8H0NtuoN,female,44,homemaker,5.0,1.0,4.0
5592,25073,R_3R7oBQr9bdhB5ih,Male,72,Retired,3.0,1.0,3.0
5600,39775,R_1LcILwLTyfgaVqi,Male,29,General Manager,5.0,5.0,4.0
5639,61857,R_1Q3nog3jLNtyTpu,female,46,virtual assistant,6.0,1.0,3.0
5640,63967,R_2YKU1aDD3eAATyM,Male,29,unemployed,1.0,1.0,6.0
5660,37640,R_1Cfpd2mPewCziiS,Female,55,hospice nurse,4.0,1.0,6.0
5662,1045,R_2CV3CurvIUYyeAQ,Female,43,Homemaker,3.0,1.0,1.0
5671,4594,R_sTGo7lznEwSbkqZ,Female,32,Product Manager,5.0,1.0,8.0
5701,5632,R_2TpYDU6iV4nomkM,male,50,Internet Analyst,5.0,3.0,2.0
5703,157,R_1JXeOqIFGz3Cqpt,no_values,no_values,no_values,no_values,no_values,no_values
5720,44013,R_2QAsExv7cKpChZG,female,51,graphic designer,2.0,1.0,3.0
5734,55226,R_3DUY1CdbUfHI5qh,no_values,no_values,no_values,no_values,no_values,no_values
5746,96319,R_vk1bD0vNsRaibOF,no_values,no_values,no_values,no_values,no_values,no_values
5749,48397,R_1ibpfk7hWgowK9n,no_values,no_values,no_values,no_values,no_values,no_values
5760,23138,R_2xKt3RaJeWgZwaJ,no_values,no_values,no_values,no_values,no_values,no_values
5761,26559,R_22nutl9RSCiBhoV,no_values,no_values,no_values,no_values,no_values,no_values
5768,82155,R_1JWnaVD9Ixt6gs1,Female,47,Hairdresser,2.0,1.0,2.0
5769,1757,R_2TXjIaDqxeUrHMO,female,37,store support,5.0,1.0,6.0
5829,80123,R_zVxeNMgcd2y5OUh,no_values,no_values,no_values,no_values,no_values,no_values
5848,80584,R_p3OCBC7omd4ZlIJ,female,26,mturk worker,2.0,7.0,2.0
5854,41445,R_eIIntwawRjRmR4l,no_values,no_values,no_values,no_values,no_values,no_values
5858,33271,R_2wv2pbEu7HAQ96D,no_values,no_values,no_values,no_values,no_values,no_values
5861,42007,R_1f1VeSFuXuXNJGP,Female,59,Paralegal,7.0,1.0,5.0
5906,61329,R_3KD6s9MBF4qRHeZ,no_values,no_values,no_values,no_values,no_values,no_values
5916,69068,R_SPOFpTjgOQ1LgeB,no_values,no_values,no_values,no_values,no_values,no_values
5918,56983,R_1cTFZuklcGiFc7w,no_values,no_values,no_values,no_values,no_values,no_values
5919,13980,R_1eIxvmHvN0r0CeG,male,21,clerk,3.0,1.0,5.0
5921,61238,R_2aXgUh02ILCXjPm,no_values,no_values,no_values,no_values,no_values,no_values
5953,86652,R_3qDmMoneYmXRNDf,Male,32,Software Engineer,6.0,5.0,5.0
5954,29707,R_0ok800hNZJK8I3T,no_values,no_values,no_values,no_values,no_values,no_values
5964,7523,R_2fIeAGACu0UjWSp,Female,33,Manager,3.0,5.0,2.0
5967,67512,R_OsceHJHn1NC0oNz,Male,34,Software Engineeer,5.0,1.0,3.0
5982,43014,R_32VXDrMur9WVcXE,Female,44,Mturk,6.0,1.0,4.0
6014,45369,R_1lzC0svh4aYMUXK,male,29,customer service rep,4.0,5.0,2.0
6022,36168,R_2aqmEllC3NnLb0s,female,28,business,6.0,1.0,5.0
6025,36632,R_12ur7p7stz6O1nL,Male,81,Freelance ,3.0,1.0,3.0
6038,56269,R_2TSGXqpWCgwRUx1,female,60,nurse,3.0,1.0,3.0
6046,4523,R_3Emwy9q4eYO6qJu,female,31,financial analyst,5.0,1.0,4.0
6057,44675,R_3GE7fVmLuJDlmPL,female,53,teacher,4.0,1.0,3.0
6065,47867,R_22WyAgVrLqOLiTv,female,50,home maker,4.0,3.0,2.0
6073,96728,R_1I6ljZYfNKZfe8C,female,50,home maker,3.0,1.0,3.0
6075,62572,R_12tCSRX3XVJH8xh,female,50,home maker,3.0,2.0,2.0
6076,14596,R_pfTWp15EFxdPo2J,female,50,manager,4.0,2.0,2.0
6080,5990,R_3noPWoHOzgUEdc6,female,40,teacher,3.0,2.0,2.0
6081,11124,R_3ezCHwNDds60Wxo,Male,26,na,3.0,1.0,5.0
6093,34214,R_1QENUlPL3eMt4Kk,female,34,homemaker,5.0,2.0,4.0
6109,15007,R_2zTGYW6bj4r0IDc,male,49,clerk,4.0,1.0,3.0
6111,5929,R_2QEftNrELQcW7R0,female,34,engineer,3.0,2.0,3.0
6113,40358,R_XTJlGbkRBueiy2d,male,45,engineer,5.0,2.0,4.0
6123,3189,R_3m1CH6G4ynkMNy4,Female,24,Coordinator of Sales,4.0,1.0,3.0
6125,36379,R_pfTYV0qKbAKLEFH,no_values,no_values,no_values,no_values,no_values,no_values
6127,33971,R_2fHT4oW4n8cVc09,female,40,student,3.0,3.0,2.0
6129,79106,R_2akk6KxPxSWlcbT,female,50,home maker,3.0,3.0,3.0
6130,14983,R_27vYpP8i6jV3BMJ,female,38,paralegal,5.0,1.0,3.0
6132,18489,R_31axe6yjRRB6fy7,female,45,realtor,5.0,1.0,2.0
6166,84731,R_qwK3TorS4u1mUIV,Male,39,Aerospace Defense Weapons Tech,3.0,1.0,3.0
6170,78224,R_VKcozIdPZbSpTTX,female,40,realtor,4.0,5.0,5.0
6175,84288,R_AzK5LVVtOKkF8xb,male,50,veteran,4.0,1.0,2.0
6179,92992,R_1H03AI5feXOlc3V,female,34,RN,5.0,1.0,4.0
6181,39729,R_324RRzkXwrx78mW,male,40,teacher,5.0,3.0,4.0
6193,93252,R_3k1yiIhfrutqTHi,female,35,realtor,3.0,2.0,2.0
6201,19267,R_2zu8ihR60LmUKW9,Female,25,Homemaker,5.0,1.0,3.0
6205,77912,R_2xFwgqXOXJs5xIB,female,44,home maker,3.0,2.0,3.0
6207,67718,R_1BWP9UqABEbQgjO,female,50,home maker,4.0,1.0,3.0
6211,58838,R_1d9XRixj7xRWgHH,female,20,student,3.0,4.0,3.0
6214,38045,R_2CPxWCgdqpnCk19,male,20,student,3.0,2.0,2.0
6222,88361,R_1Fae4Q0MT1gwy0Q,male,28,engineer,6.0,5.0,4.0
6229,24657,R_2VyGtWWOojJ6X5r,Male,34,software Engineer,5.0,1.0,3.0
6234,66282,R_1M51wmmZSOf2mdS,Female,61,Caregiver ,2.0,1.0,3.0
6279,27292,R_2pMlKM6N6EheWEb,female,38,broker ,5.0,1.0,5.0
6295,67015,R_2rVj29xf64Uyxex,female,29,nurse,5.0,1.0,3.0
6302,73025,R_1IMbSbGfHpPT8yu,no_values,no_values,no_values,no_values,no_values,no_values
6309,41526,R_1er8XlnBnTHtJD6,Female,47,Senior Manager of Production,5.0,1.0,3.0
6321,34971,R_ZwRUHiVTWbJxuz7,Female,60,home maker,1.0,1.0,1.0
6342,59789,R_wZQgUs6MDPAIbsJ,female,32,server admin team lead,5.0,1.0,5.0
6350,47105,R_1pysT3mlVQDDgmT,male,40,consultant,4.0,2.0,3.0
6364,15131,R_12PXKQK2g7KIv8T,female,20,barista,3.0,1.0,2.0
6365,77801,R_1Ckgs1B2O9n3oup,male,35,manager,5.0,3.0,4.0
6368,58578,R_24f4SsFzUQoYEZA,Male,26,Caregiver,5.0,3.0,1.0
6378,96596,R_VKbvP8fHHeaH1zr,Male,25,Developer,5.0,5.0,12.0
6391,7307,R_1lz7ID6RF1lUxJJ,female,52,unemployed,2.0,1.0,3.0
6395,13034,R_2CCJ88rZfeMEhVP,no_values,no_values,no_values,no_values,no_values,no_values
6422,48227,R_2D8EbIZoing9bGn,Female,24,Homemaker,3.0,1.0,2.0
6430,61740,R_3g6k4bYeZHwHeQJ,no_values,no_values,no_values,no_values,no_values,no_values
6446,30048,R_2463iJ6gyUimjJW,female,20,student,3.0,2.0,3.0
6449,94880,R_3fVQbwwNDvcNaha,male,40,conceirge,2.0,3.0,2.0
6453,49567,R_3HqaVLNSc62X2QQ,female,sales representative,35,2.0,1.0,2.0
6455,69416,R_3DcOcVYrOgIV3fh,no_values,no_values,no_values,no_values,no_values,no_values
6456,81423,R_WjmHB64o5ziFgGZ,female,45,customer represenative,3.0,1.0,3.0
6464,84508,R_vN8aRXYgXJ4gTUl,female,30,sales representative,3.0,3.0,2.0
6470,49389,R_1gAPLfwXXYa7YTI,female,20,student,3.0,2.0,3.0
6486,9826,R_2UYP0NYzOYnWPLL,male,34,realtor,4.0,5.0,5.0
6488,32901,R_1N7Vh6jaDmn3nZs,female,28,Virtual Assistant,4.0,1.0,8.0
6490,60430,R_3KZ9twr6gElIslE,female,44,manager,4.0,4.0,4.0
6491,79984,R_2sSB4swddaKXEup,male,40,manager,5.0,2.0,4.0
6492,19041,R_5BBa76OIM9htC7f,female,33,researcher,6.0,3.0,4.0
6495,87602,R_OwgrQsITYNuw945,male,45,warehouse,7.0,1.0,11.0
6499,24245,R_7ZOfYTPdwqojJmN,female,20,student,3.0,3.0,1.0
6511,72631,R_1GIcbCHjotmuFhV,female,60,personal assistant,6.0,1.0,8.0
6548,45475,R_bQpzPOeTEUTikff,female,38,counselor,5.0,1.0,3.0
6566,9961,R_7PsSmCxh5PE095D,no_values,no_values,no_values,no_values,no_values,no_values
6600,42267,R_2UiaksJtOfpPNcs,female,47,personal care assistant,2.0,1.0,2.0
6626,81797,R_3McwHfVSM0kf0YJ,female,63,healthcare provider,6.0,1.0,2.0
6650,44981,R_0uNhsff4MQ9Dk53,female,47,Librarian,6.0,1.0,4.0
6660,49702,R_bjSG8dfmRGb3jTH,Female ,32,Drug court coordinator ,5.0,1.0,8.0
6663,7291,R_3OpiBJIZFi38wJr,female,41,self employed,5.0,1.0,11.0
6670,61350,R_1QLskcKEjez7Vb7,no_values,no_values,no_values,no_values,no_values,no_values
6672,96875,R_21h64abVL6iwWMQ,Male,20,Student,3.0,2.0,2.0
6675,30586,R_3NLoKU6ECPjT7de,Male,30,Car mechanic,3.0,3.0,2.0
6677,87625,R_qRahpA3D6C7BiDv,no_values,no_values,no_values,no_values,no_values,no_values
6678,55093,R_2EmVujeQ11xjqwN,FeMale,30,Receptionist,4.0,1.0,3.0
6679,52286,R_XXQFYhZFFqsKbCN,Male,46,Manager,6.0,1.0,5.0
6688,30376,R_2xCS6OylD8JQmdA,Female,40,Manager,3.0,1.0,3.0
6692,70897,R_BEW5DWhNlXGEE8h,Female,20,Student,1.0,1.0,1.0
6693,21648,R_3Jz719X9oa85oL2,Male,31,Government,5.0,1.0,5.0
6697,68040,R_ReNw1JEYGgc1H21,Female,33,Amazon turker,3.0,3.0,1.0
6701,9083,R_2wsCEhnJzl6LI8b,Female,20,Barista,2.0,3.0,2.0
6705,91927,R_1pVwX92scovYx2q,Female,40,Realtor,5.0,5.0,5.0
6714,29699,R_bp882hbENv9jweB,Male,28,Business,6.0,1.0,5.0
6719,95936,R_BJNtMsLvVJJi73H,no_values,no_values,no_values,no_values,no_values,no_values
6731,97661,R_23gH1mZZ457hRRr,female,26,student,5.0,1.0,6.0
6740,63264,R_1LwByiu9Y40UsW3,female,39,daycare provider,3.0,1.0,2.0
6741,18858,R_110dlDLiyapE2xg,no_values,no_values,no_values,no_values,no_values,no_values
6742,63147,R_24NJYDrTerpaiIV,Female,28,Graduate student,7.0,5.0,4.0
6748,60048,R_szKOYRl9ggrvIel,no_values,no_values,no_values,no_values,no_values,no_values
6751,23216,R_3RlLOtJ9hsNRHMK,female,34,hotel receptionist,4.0,1.0,3.0
6755,19627,R_3QVmLy03FVGMq7U,no_values,no_values,no_values,no_values,no_values,no_values
6758,75797,R_1nMWohRx9GqqAVO,male,45,hotel manager,3.0,3.0,2.0
6759,59312,R_bO4PvCr1R2srOWB,female,26,paralegal,5.0,2.0,2.0
6760,65950,R_bvGAePJeCseZCwh,female,32,manager,4.0,1.0,3.0
6765,4451,R_3kzDU8hfELatmuS,male,25,writer,4.0,1.0,2.0
6766,84561,R_2Cm6S7GRofO8gHG,male,40,delivery person,2.0,2.0,2.0
6768,34386,R_1FZVSm6kFyDmZzP,male,34,reception manager,4.0,3.0,3.0
6770,65947,R_voWXpVdYM8ViSqZ,female,33,self-employed,5.0,1.0,12.0
6772,68224,R_2Yfe5aV4UGplOvn,no_values,no_values,no_values,no_values,no_values,no_values
6773,95453,R_3hAR8v8IsTdB758,female,34,teacher,5.0,1.0,3.0
6780,98980,R_p3GboeWEduRfAD7,Male,28,Editor,5.0,1.0,3.0
6782,78924,R_3nf6XWEn6xSI9og,female,30,manager,5.0,1.0,4.0
6790,6390,R_3qr69wJsmuDfrYM,female,45,consultant,4.0,1.0,4.0
6793,20254,R_27x0avYoGmFG5Va,Female,29,IT Analyst,6.0,5.0,6.0
6794,58030,R_bQS8ZamaJhBxHu9,Female,51,Natural Health Practitioner,5.0,1.0,2.0
6797,86411,R_7PtfHeC9DYKHMyt,female,20,student,2.0,2.0,2.0
6811,73630,R_zeguZIBxVmIzsdz,no_values,no_values,no_values,no_values,no_values,no_values
6814,80034,R_6rgYmmsHgTjy7iF,Male,44,Director of IT,3.0,1.0,8.0
6819,49773,R_3JCULf1w8sn4liP,female,50,driver,2.0,6.0,2.0
6820,12184,R_2WJ8BNCvVFYHNY4,male,30,fire fighter,2.0,3.0,3.0
6821,89818,R_b1wqiOAQfRYFGh3,female,47,teacher,6.0,1.0,5.0
6822,51621,R_vqvCaWdErfyc6DT,Female,32,Stay at home parent,6.0,1.0,6.0
6832,3510,R_XHOHXjNvIe7Nm9P,Female,42,Teacher,5.0,1.0,4.0
6874,84959,R_28A1z1wElUxPa1x,Male,38,Project Manager,5.0,1.0,6.0
6877,57930,R_rkzTl6PFEraRF2F,male,54,landscaping,5.0,1.0,5.0
6879,97883,R_1C1ReeieXq5HEI7,no_values,no_values,no_values,no_values,no_values,no_values
6881,27907,R_2yecb6XBDM0FXY5,Male,19,Internet Assessor,2.0,1.0,2.0
6887,8863,R_1qVVOGlc7gX6tFF,Male ,56,Supervisor ,6.0,1.0,4.0
6889,45232,R_2alCgp9I05i0YsI,no_values,no_values,no_values,no_values,no_values,no_values
6895,46513,R_21cBvL2iAS1LLdK,no_values,no_values,no_values,no_values,no_values,no_values
6905,78757,R_d6xA5sYY95CdqyB,Male,28,online work,6.0,1.0,7.0
6926,92723,R_1IbKxoGTlZ4DtG3,male,35,IT Support Specialist,4.0,3.0,5.0
6960,12558,R_2sR9fIu6PCF7Azn,Female,53,Hospital Administrator,5.0,1.0,3.0
6976,76071,R_24viK39X6QyeDLW,female,29,homemaker,3.0,1.0,3.0
7013,47326,R_Q0tnuIFn5YslRKh,no_values,no_values,no_values,no_values,no_values,no_values
7014,73041,R_11jW0PBOUAlNevZ,male,27,education,6.0,1.0,3.0
7022,75197,R_1Nt8UG56xjJICiZ,female,54,customer service,5.0,1.0,4.0
7027,81855,R_3LjzhffAH36v68s,female,40,manager,4.0,1.0,3.0
7040,34331,R_2tlBr5I78Iyv4S4,FEMALE,25,homemaker,3.0,1.0,1.0
7042,51044,R_29mPjimsVlox5ba,no_values,no_values,no_values,no_values,no_values,no_values
7054,63169,R_3EEkyhKHlc9Phkd,no_values,no_values,no_values,no_values,no_values,no_values
7061,31174,R_3q7FpqRGqjRRhhh,no_values,no_values,no_values,no_values,no_values,no_values
7065,73639,R_3fN9hCVsh5WjqLI,no_values,no_values,no_values,no_values,no_values,no_values
7071,24448,R_W8ygj7zIxyiCEjT,no_values,no_values,no_values,no_values,no_values,no_values
7075,47986,R_pEQ7MOfFML6QVgZ,male,40,manager,5.0,1.0,3.0
7080,70796,R_3HTtBvwwx0tPWyQ,no_values,no_values,no_values,no_values,no_values,no_values
7081,2357,R_1o28gcXwxi4BXLU,no_values,no_values,no_values,no_values,no_values,no_values
7087,21594,R_cTOyJZumin3Gxup,no_values,no_values,no_values,no_values,no_values,no_values
7099,82571,R_C2n4NhzRmdehidX,Female,65,Social Worker,6.0,1.0,5.0
7102,86013,R_30i4tTnLVEBrxLt,no_values,no_values,no_values,no_values,no_values,no_values
7111,73532,R_1r3wXyqUqz4qUeR,no_values,no_values,no_values,no_values,no_values,no_values
7118,60601,R_3fHv3BJWDHdLDaN,no_values,no_values,no_values,no_values,no_values,no_values
7121,43619,R_XvUk9EaHgI0Vegh,no_values,no_values,no_values,no_values,no_values,no_values
7124,3307,R_2fxsOQwvGDpAbqy,no_values,no_values,no_values,no_values,no_values,no_values
7147,7621,R_3QXyTb0mPHr6x00,no_values,no_values,no_values,no_values,no_values,no_values
7152,48243,R_r1tUC5WgfEeUJQR,no_values,no_values,no_values,no_values,no_values,no_values
7153,71778,R_3gLswGkXKnBleHn,Male,25,Records,4.0,1.0,3.0
7154,21007,R_2dMHyUw1f1IzCyz,no_values,no_values,no_values,no_values,no_values,no_values
7158,67815,R_tPsVPskRNYVdwHf,female,41,Administrative Assistant,3.0,1.0,1.0
7171,10885,R_2PvtE31kjhGbXRx,male,27,real estate agent,5.0,1.0,4.0
7195,2665,R_2drVWfKlYIDCwuG,Female,27,Data entry specialist ,2.0,1.0,1.0
7209,2136,R_2SBqOrkIfYk8S8y,no_values,no_values,no_values,no_values,no_values,no_values
7215,33275,R_6zYW6guMaS1NOSZ,Male,41,Fleet Operator,5.0,5.0,6.0
7222,7962,R_3j7FUtRq8UOR5pp,female,28,Pharmacy Technician,3.0,1.0,3.0
7244,84344,R_2CJ4MLmOYpby3xw,male,46,plant manager,3.0,1.0,4.0
7272,58126,R_3qTGZtRLWJEr93I,no_values,no_values,no_values,no_values,no_values,no_values
7281,63796,R_1daBko0FfZnQAQa,male,28,application developer,6.0,5.0,5.0
7298,99610,R_3ni3b2OEeZxGZg9,no_values,no_values,no_values,no_values,no_values,no_values
7303,85401,R_1dylt9Um6IbRSek,female,53,librarian,6.0,1.0,2.0
7319,80226,R_2c2v7RIOL4miB7H,male,36,financial adviser,5.0,5.0,2.0
7329,88349,R_3nIMQXP34om0UMS,no_values,no_values,no_values,no_values,no_values,no_values
7351,78022,R_3O35eniaizZ5pmK,no_values,no_values,no_values,no_values,no_values,no_values
7370,80808,R_247SDDa4M8ndZYT,Female,32,Crafter,3.0,1.0,1.0
7379,59895,R_2zG8FIJJfG8VWqO,male,27,education,6.0,1.0,3.0
7387,82525,R_UyDrGezJYyVilwd,female,32,homemaker,3.0,1.0,8.0
7391,84016,R_QhNLRNFkNTTjgAN,Female,25,Unemployed,3.0,3.0,1.0
7393,44129,R_O9Cf4Ya3zsUOzh7,female,34,librarian,4.0,4.0,2.0
7401,49091,R_2UfOiZO73I4EGmV,Male,64,Section Chief,5.0,1.0,6.0
7403,82774,R_1hYAJe1rfRs2dmJ,female,50,home maker,3.0,1.0,2.0
7406,56461,R_BS5rsF7RrgGmsw1,Female,25,receptionist,4.0,2.0,2.0
7408,39173,R_3rS8Pp77i7WwnJV,no_values,no_values,no_values,no_values,no_values,no_values
7430,48870,R_3CJYUnYysjyHDkJ,no_values,no_values,no_values,no_values,no_values,no_values
7431,60625,R_1LOksYLnYeUBgMl,male,30,lawyer,6.0,1.0,5.0
7436,51756,R_3esKEfzgx6gHdkj,male,50,journalist,3.0,1.0,2.0
7440,17399,R_1mnm7nlW96wlX6w,male,20,student,3.0,2.0,3.0
7442,83264,R_31cNUv3VM3n58X2,female,20,student,3.0,1.0,2.0
7451,17292,R_OuLWojhCFaz79y9,male,40,researcher,3.0,2.0,3.0
7508,13136,R_2VR6bHmfCL98UFq,female,24,sales,3.0,7.0,1.0
7527,76453,R_3OpLIrWInqxPQQl,no_values,no_values,no_values,no_values,no_values,no_values
7528,83565,R_sAkSpcRPFiK6xI5,no_values,no_values,no_values,no_values,no_values,no_values
7535,62225,R_1rq9ssOXpWo4pc7,no_values,no_values,no_values,no_values,no_values,no_values
7539,4012,R_2Yld7T9ztG0yPJB,Male,34,no_values,5.0,1.0,3.0
7548,90502,R_3Rsde6lGAZ3LA9D,Male,32,Sales Manager,5.0,1.0,4.0
7557,98340,R_1K23X54qxIdR5HQ,Female ,33,Nurse,5.0,1.0,3.0
7576,95746,R_27EBnS1xwiR06Ng,Female,32,Administrator,5.0,1.0,3.0
7579,71091,R_247bYHcxgjgec8J,Female,29,Administration,5.0,1.0,3.0
7581,17867,R_2V48t6g2nER5jaa,Female,27,Tutor,5.0,1.0,5.0
7597,80843,R_27EBmQVrap4c520,female,27,na,3.0,8.0,12.0
7599,81923,R_30dTu4zTvLPY1Fp,Male,28,Desk Officer,5.0,1.0,4.0
7615,18857,R_21uNp2qMMJLzynz,no_values,no_values,no_values,no_values,no_values,no_values
7617,39865,R_3Lc18DRwD1lNSiU,female,26,finance,5.0,1.0,7.0
7619,97834,R_2urlwBDxUHHttsr,female,52,bookkeeper,5.0,1.0,3.0
7620,26196,R_vCi8HieVQcWxuGB,Male,26,Finance executive,5.0,1.0,8.0
7624,54607,R_1NzzLwcvXdc8VRY,female,20,student,3.0,1.0,1.0
7628,13091,R_1DwAxRRf68UGw56,female,40,barista,2.0,2.0,2.0
7634,55433,R_1IKs4MKNODshfEs,female,30,chef,4.0,1.0,3.0
7636,16690,R_8j4biwJ6lcDGIV3,Female,60,Customer Service,3.0,1.0,3.0
7641,14451,R_2vlaEmoovDUmOqw,female,39,homemaker,6.0,1.0,3.0
7647,19500,R_tYyXbenE6q3WbPX,female,40,receptionist,4.0,5.0,3.0
7653,49580,R_1mEnzbD0t4vnn5V,male,50,veteran,5.0,4.0,3.0
7654,79016,R_2v036pfGBSwgk5A,male,44,teacher,5.0,4.0,5.0
7658,30910,R_d1l1Bd76zYctPLr,female,32,homemaker,5.0,1.0,4.0
7660,81095,R_2Y9gKYCxvknStxI,female,50,teacher,5.0,4.0,4.0
7661,93074,R_3g7a2ASc63ERmRp,female,43,homemaker,5.0,1.0,7.0
7663,10021,R_3MLM7MmE2MJ7i40,female,44,nurse,4.0,3.0,2.0
7665,8057,R_3lSVBRuiGpJM5rX,Male,25,Freelancer ,5.0,1.0,12.0
7670,42331,R_4NiHBscF8vPoP6h,female,40,researcher,5.0,1.0,3.0
7672,10439,R_3NOgWefk2Hss0Cs,male,50,veteran,4.0,1.0,4.0
7673,12156,R_2X1HJ4GK9OkwpaT,female,32,IT Technical Assistant,6.0,3.0,2.0
7674,58571,R_3QV5E8Ywq7MQmFr,male,45,coffee house manager,4.0,4.0,4.0
7686,17993,R_3fQ1P1qM7wu0E7r,male,38,research assistant,6.0,1.0,6.0
7691,62551,R_3MtU1YR62Ofgd6N,female,60,home maker,3.0,2.0,2.0
7692,65697,R_2AQHc7iTD7XDO2z,female,45,barista,4.0,2.0,3.0
7693,44351,R_1mfI8IybHCJ1dYG,male,40,teacher,6.0,5.0,4.0
7697,30487,R_2pS4V4zUDEtLvcK,male,35,IT,5.0,1.0,4.0
7708,50761,R_sUpdEp2QpgmES8V,female,44,IT,4.0,3.0,3.0
7711,67880,R_3O7ayRD9pXmgSqB,female,40,barista,2.0,1.0,1.0
7716,1342,R_2492bi3K8mKO0Lr,female,20,student,3.0,4.0,2.0
7717,60840,R_3PMhve4rZ8GLyEn,Female,29,Unemployed,6.0,1.0,3.0
7726,67591,R_TnjbVvpZPXAawRX,Male,24,Network Engineer,5.0,1.0,2.0
7727,31892,R_3fZ8iXRvdOI3MtI,no_values,no_values,no_values,no_values,no_values,no_values
7728,42805,R_XFflCU7uImKNrm9,female,50,home maker,2.0,4.0,4.0
7730,68913,R_2Byg0tAmBCH9gy4,female,50,home maker,4.0,1.0,4.0
7741,69999,R_3ekrIXgaXZjbsIm,male,43,administrator,5.0,1.0,3.0
7747,72722,R_2cnO3dUyFV4pUQe,female,34,sales manager,5.0,1.0,7.0
7749,32589,R_3oSYPBsxannYI8B,no_values,no_values,no_values,no_values,no_values,no_values
7753,63810,R_1n2rn8i4mpXvQU5,no_values,no_values,no_values,no_values,no_values,no_values
7762,79850,R_1PYsE4NUOr1jFuG,Male,47,Disabled,3.0,1.0,1.0
7826,82994,R_2OT47Hh9Xbad7rT,female,25,nurse,5.0,1.0,3.0
7833,59425,R_2PCm2pU9IPPJ3jR,Male,28,Computer Repairman,3.0,1.0,2.0
7837,92567,R_1rDQ5gDb8pEmFE1,no_values,no_values,no_values,no_values,no_values,no_values
7839,11948,R_31gc9KitYwqyb67,no_values,no_values,no_values,no_values,no_values,no_values
7860,86875,R_1pWf0TUkm5Zswlz,Maleg,29,Engineer,5.0,1.0,5.0
7867,76062,R_C93zSliIhLf5qMN,no_values,no_values,no_values,no_values,no_values,no_values
7877,42980,R_zT1XRMkV4BjVAeB,no_values,no_values,no_values,no_values,no_values,no_values
7879,64679,R_1N3ykAhQaX1ZDp3,Male,58,Information tech,3.0,5.0,3.0
7916,87618,R_11XxpIgY1oNnsih,no_values,no_values,no_values,no_values,no_values,no_values
7917,1882,R_1gV0hN7UcWlueYt,Male,28,Flight planner,3.0,1.0,2.0
7952,785,R_20TH4iMEPrLsmVB,female,30,home maker,3.0,1.0,1.0
7959,51866,R_5iPDfjjiPsRsMox,no_values,no_values,no_values,no_values,no_values,no_values
7960,64208,R_2EfM4S8SWL4JwdW,male,30,tutor,5.0,4.0,3.0
7966,15681,R_3NJP1svXUkkh3qe,female,44,teacher,4.0,3.0,2.0
7967,20911,R_3DkzoOztQmDIu3R,male,40,home maker,4.0,6.0,3.0
7969,40201,R_30cJ6PzD2BWg17h,male,50,veteran,5.0,4.0,5.0
7971,68532,R_SHL7QX6JrbSViDL,male,40,developer,4.0,1.0,4.0
7976,81622,R_1PXflStNBNH4t3Q,male,335,biologist,5.0,1.0,5.0
7981,6462,R_ThfyVgD5QOjCBHz,Female,34,Researcher,6.0,1.0,2.0
7993,9115,R_3JIdYUcisi5bOJ6,no_values,no_values,no_values,no_values,no_values,no_values
8005,21904,R_3JauzGLkmiXzVwX,no_values,no_values,no_values,no_values,no_values,no_values
8054,30429,R_VOaqoa3Dm7Fgowh,no_values,no_values,no_values,no_values,no_values,no_values
8058,21764,R_UZ41jTqfG2l6lpv,no_values,no_values,no_values,no_values,no_values,no_values
8065,69850,R_syUWYskwnSN2d0J,Female,20,Student,3.0,1.0,2.0
8072,30603,R_51KvVhHWffytMzf,Female,34,Receptionist,4.0,4.0,3.0
8077,12770,R_1C13eZ1OMkUJT7p,Male,30,Teacher,5.0,3.0,4.0
8078,65699,R_27IoczMvx92vOkx,Female,60,Retired,6.0,1.0,4.0
8083,59884,R_3rYDCZTa9sKYxEh,Female,40,Home maker,4.0,5.0,4.0
8092,93354,R_21I2s5udwou2SZf,female,29,homemaker,4.0,2.0,3.0
8113,22657,R_bmtVjgZzy6o6imR,no_values,no_values,no_values,no_values,no_values,no_values
8120,62793,R_2QXqpXVcLgSMEeY,no_values,no_values,no_values,no_values,no_values,no_values
8122,78414,R_2THtkRVwk9PHKDH,male,57,Telecommunications Network Engineer,3.0,1.0,4.0
8123,6337,R_27EF1ZDR040D7Bz,male,33,disabled,3.0,1.0,1.0
8130,77987,R_25uLCRq2FU69q0Z,male,50,behavioral health,5.0,1.0,2.0
8136,14533,R_cGPQctLRTxL2qsN,no_values,no_values,no_values,no_values,no_values,no_values
8160,96943,R_RIw9MNgRDX0WIQ9,female,45,nurse,5.0,1.0,3.0
8167,47861,R_9vmNp8qMIYkYXPX,male,33,disabled,3.0,1.0,1.0
8189,85387,R_2VPTh4YluDNqaGf,Male,39,Finance Officer,5.0,1.0,5.0
8194,75916,R_1InLwzMdAb3I7E7,male,63.0,bus driver,4.0,1.0,3.0
8220,82919,R_Ufnl3Wh2Yzwa4kF,Male,26.0,Finance,5.0,1.0,8.0
8229,31688,R_DTb42DXc3zgU6Yx,female,75.0,accountant,6.0,1.0,2.0
8244,4806,R_3EQDqG4WkwJnI9U,Female,38.0,Nurse,4.0,1.0,8.0
8267,13369,R_b8lkwbMiJbybNRv,no_values,no_values,no_values,no_values,no_values,no_values
8273,64319,R_3rUM7fuecVNO7ig,no_values,no_values,no_values,no_values,no_values,no_values
8274,19166,R_25NQT4Ls1FWNReO,male,38.0,research assistant,6.0,1.0,6.0
8285,80241,R_3g639xByybPYkTc,male,52.0,COO,5.0,1.0,7.0
8295,60475,R_3dPOEwwvCbhFgTb,male,45.0,administrator,5.0,1.0,3.0
8317,98432,R_1IZq5FeSArDCaJ7,female,40.0,home maker,3.0,1.0,2.0
8323,45300,R_urJI3hK1X4hTmF3,no_values,no_values,no_values,no_values,no_values,no_values
8334,67974,R_2doTiFf5HNV6Hp5,male,50.0,firefighter,3.0,3.0,2.0
8338,3496,R_3gMCe1nYZPtycO9,male,68.0,educator (retired),7.0,1.0,4.0
8346,86675,R_bgsBA25b8bxLAl3,male,31.0,Office Manager,5.0,1.0,4.0
8350,31149,R_1pVur8njPLhf4Dw,female,60.0,teacher,6.0,1.0,12.0
8357,20794,R_2triDEGEzrzKGfQ,no_values,no_values,no_values,no_values,no_values,no_values
8394,57395,R_1CCnjvaY2IEi9ut,no_values,no_values,no_values,no_values,no_values,no_values
8396,86877,R_2X7HdLOPOMLPLnG,no_values,no_values,no_values,no_values,no_values,no_values
8417,25970,R_2b1oVowcMuGAkUH,Female,24.0,Assistant manager,4.0,7.0,2.0
8442,69755,R_1ISezkkxwWQZw2m,male,56.0,self employed turker,3.0,1.0,3.0
8463,45433,R_1CCsS97oa5ZjwCR,no_values,no_values,no_values,no_values,no_values,no_values
8468,79961,R_8IJhmQGJUUV47hT,female,50.0,home maker,3.0,5.0,2.0
8479,85191,R_3m8Ji1Swm0OfaaI,no_values,no_values,no_values,no_values,no_values,no_values
8488,49776,R_5jcB431M68s2Pqp,female,20.0,student,4.0,2.0,5.0
8491,15338,R_3dMMgYSJpd4uIbm,no_values,no_values,no_values,no_values,no_values,no_values
8493,23629,R_3dVZc30xr3eiguQ,no_values,no_values,no_values,no_values,no_values,no_values
8507,5537,R_2OPST8eA8SxVw9O,male,20.0,student,3.0,3.0,3.0
8511,23313,R_3CAWF2Jq1LGWD4o,male,40.0,consultant,4.0,5.0,5.0
8514,22141,R_30k7LsoB80PJeCE,male,40.0,consultant,5.0,5.0,4.0
8529,74465,R_CgGh9fYTUKGa5SF,male,40.0,warehouse worker,2.0,4.0,2.0
8531,40696,R_2f9R5015s4ZbS5A,male,50.0,teacher,6.0,4.0,4.0
8532,37124,R_3TKL7WaEz8f1om5,Female,26.0,Cashier,3.0,1.0,2.0
8538,61660,R_1NmsLdOQKjWK9P6,male,29.0,Software Engineer,5.0,5.0,4.0
8545,2404,R_DqoYMAAW4JMectX,no_values,no_values,no_values,no_values,no_values,no_values
8547,88259,R_2Yn22TeWJvgxQdq,male,30.0,consultant,4.0,2.0,2.0
8549,66363,R_2uTBdjLMLH36Kfy,male,31.0,contract coordinator,3.0,1.0,2.0
8553,25468,R_2SCg2ALwv7cGQnW,male,30.0,teacher,6.0,5.0,5.0
8554,54875,R_2DTeePUX1KBvsQO,female,30.0,home maker,4.0,3.0,3.0
8555,68132,R_2UW6XlFdP8Ybxxl,female,40.0,consultant,5.0,3.0,5.0
8559,9080,R_24AHsDRmIlbh0k0,female,45.0,Nurse,5.0,1.0,3.0
8560,39374,R_3PL834KDDvHqnHV,male,33.0,security guard,3.0,2.0,4.0
8563,3239,R_cT0vctdtEJ6mSoF,male,50.0,consultant,5.0,3.0,4.0
8564,42871,R_3Dwkrx8c2PA2H80,male,44.0,warehouse worker,1.0,3.0,1.0
8566,34548,R_1KdLwh30kREaTjE,male,33.0,consultant,6.0,2.0,4.0
8568,91391,R_2YX4UV9ndem0PZ3,male,45.0,engineer,5.0,1.0,6.0
8570,84049,R_2ffhGbUbDuEKGf2,female,37.0,receptionist,3.0,1.0,2.0
8572,95716,R_2TOcw2bEtocA4Ga,male,34.0,home maker,3.0,3.0,2.0
8588,49069,R_eFIblFzErtgRwuB,no_values,no_values,no_values,no_values,no_values,no_values
8590,24470,R_322rY9PBnSYpnLC,no_values,no_values,no_values,no_values,no_values,no_values
8592,27296,R_1etR64I5MB11bS2,no_values,no_values,no_values,no_values,no_values,no_values
8597,74815,R_1YzXhPxwlTJYH9T,no_values,no_values,no_values,no_values,no_values,no_values
8599,52425,R_XkbGaStehURQKYN,no_values,no_values,no_values,no_values,no_values,no_values
8603,33295,R_3hnC5QuwJzv6uW2,female,22.0,student,3.0,1.0,3.0
8604,81573,R_2cAVyPYpw5TIwVG,Female,30.0,Teacher,6.0,1.0,8.0
8608,3489,R_10wTcSyihbFNTev,female,33.0,Warehouse,6.0,1.0,2.0
8609,93551,R_3qJcC3OkCcBfFrg,male,20.0,student,3.0,5.0,1.0
8614,34288,R_3DwJ3khbfiWkboT,no_values,no_values,no_values,no_values,no_values,no_values
8616,88661,R_3qpTmAhJaflVCpz,male,40.0,consultant,5.0,5.0,4.0
8617,20351,R_2dBnpsazfvA9hiG,no_values,no_values,no_values,no_values,no_values,no_values
8629,57380,R_WvULvKApq1prpL3,no_values,no_values,no_values,no_values,no_values,no_values
8631,46517,R_2eUQgWyIIqUXr08,male,45.0,consultant,5.0,1.0,3.0
8640,69295,R_RlfA4eh79QVU5SF,male,33.0,cashier,2.0,4.0,2.0
8656,26688,R_1IfI4ae8uNvilj5,Female,46.0,Project Specialist,5.0,1.0,3.0
8657,13046,R_WBeehBsYLJ7BZFn,no_values,no_values,no_values,no_values,no_values,no_values
8663,54268,R_6gM1IP3riSVKvex,no_values,no_values,no_values,no_values,no_values,no_values
8665,54849,R_TvmsHq34JJnU8Rr,Male,53.0,Administration,2.0,1.0,5.0
8694,95689,R_2wdiIIPWewH01sh,female,27.0,bartender,3.0,1.0,2.0
8703,95285,R_2qlVDfV7FSeKYT1,Female,32.0,Administrator,5.0,1.0,4.0
8708,8319,R_VRx1swOxQIvg57H,male,44.0,teacher,3.0,2.0,1.0
8726,84882,R_9NaENor8WqT056F,no_values,no_values,no_values,no_values,no_values,no_values
8734,88008,R_3r0nUOCUH3a1Od6,Female,44.0,Executive Assistant,3.0,5.0,7.0
8735,68438,R_2ctoMbkWtEsNKNV,male,41.0,sales,3.0,1.0,1.0
8743,76287,R_2aXgqKeE235pSug,female,66.0,teaching assistant,4.0,1.0,6.0
8754,85202,R_2fJ2p26azXIhwOE,no_values,no_values,no_values,no_values,no_values,no_values
8756,44682,R_wTTh4gCdNnUtx5L,Female,50.0,Home maker,4.0,1.0,3.0
8757,51155,R_2eaqw1DRyk39NbP,no_values,no_values,no_values,no_values,no_values,no_values
8763,45618,R_1obSjXKehS55H8w,no_values,no_values,no_values,no_values,no_values,no_values
8766,1497,R_2v1xjhVcHA23sn1,no_values,no_values,no_values,no_values,no_values,no_values
8771,19375,R_1dlVqfFo88f2sfw,no_values,no_values,no_values,no_values,no_values,no_values
8777,71249,R_30bH5C1unLuA5No,male,35.0,respiratory therapist,4.0,1.0,4.0
8786,70479,R_2y8jDmO0CeZS7s7,no_values,no_values,no_values,no_values,no_values,no_values
8789,51363,R_1dou5ZVJXaT7fJU,no_values,no_values,no_values,no_values,no_values,no_values
8791,64917,R_1rBymB7txnSZAdg,no_values,no_values,no_values,no_values,no_values,no_values
8792,83709,R_3HUlQxJsqTzWscW,no_values,no_values,no_values,no_values,no_values,no_values
8812,9401,R_1rp1khZTZMI7xwe,no_values,no_values,no_values,no_values,no_values,no_values
8813,75080,R_1qeaa6v4xFFO22z,no_values,no_values,no_values,no_values,no_values,no_values
8824,27517,R_3DeEFsevagf2O0Y,no_values,no_values,no_values,no_values,no_values,no_values
8854,22302,R_1OHye2tQyXIj4fs,female,69.0,Program Director,7.0,1.0,4.0
8882,96148,R_3Rm67NT0YJ1x6sw,no_values,no_values,no_values,no_values,no_values,no_values
8888,63082,R_2ZIGtPKfmYgQVEC,femaile,44.0,research,7.0,1.0,4.0
8904,29681,R_3sho5uTVvOP2b5V,female,22.0,college student/part-time programmer,5.0,1.0,1.0
8944,45607,R_3jVWtQD07ohClNz,Male,33.0,Government utility,4.0,1.0,4.0
8948,19055,R_3D5gV4g3wvF9QqP,no_values,no_values,no_values,no_values,no_values,no_values
8971,27769,R_1OPNPMlYZWrsRlG,Female,45.0,Software developer,5.0,1.0,3.0
8977,94414,R_1qb3Nt7Q9IGfqxq,Male,24.0,Unemployed,1.0,1.0,2.0
8990,47352,R_1jK8dCdqzpskSip,no_values,no_values,no_values,no_values,no_values,no_values
8995,15171,R_3KHNWmh68zAlfnJ,no_values,no_values,no_values,no_values,no_values,no_values
9016,25502,R_33xWByJ58dG3W7R,Female,48.0,Sales Rep,3.0,1.0,5.0
9026,50354,R_RLiO0vl8NtPYNI5,male,44.0,marketing,5.0,1.0,2.0
9030,21283,R_2CECvZFfVd5p1xt,no_values,no_values,no_values,no_values,no_values,no_values
9035,29203,R_2OT704GiujlGbO0,Male,38.0,Software Development,7.0,1.0,10.0
9038,10790,R_1K6FjY4K0M4mXUe,no_values,no_values,no_values,no_values,no_values,no_values
9039,68380,R_1ffQVcvc6QqOSJL,no_values,no_values,no_values,no_values,no_values,no_values
9049,50770,R_3MSyWecqRMVh2cI,no_values,no_values,no_values,no_values,no_values,no_values
9055,45956,R_2fm47kQqwI2vI9s,no_values,no_values,no_values,no_values,no_values,no_values
9057,25748,R_3qKCn3N5Q5stqAB,no_values,no_values,no_values,no_values,no_values,no_values
9067,57714,R_33flscvGIVpIRWG,no_values,no_values,no_values,no_values,no_values,no_values
